js1447,jamya,stalnaker,f,july 4 1995,hebrew,o,pisces,lupus,pluto,cartoons,stegosaurus
bs1955,baltazar,spagnoli,m,april 11 1987,hungarian,a,virgo,triangulum,pluto,reality,pteranodon
ts1895,tesla,swales,m,february 28 1993,italian,o,virgo,horologium,mercury,thriller_suspense,suchomimus
st1521,sayan,tomblin,m,august 13 1995,basque,a,cancer,monoceros,venus,cartoons,brachiosaurus
jb1574,jenevieve,biegler,f,june 12 1996,norwegian,o,taurus,camelopardalis,mars,family_friendly,stegosaurus
yp1452,yasin,pfarr,m,september 30 1997,kannada,b,capricorn,lyra,uranus,idol,indominus_rex
ks1955,kamron,sandgren,m,november 25 1990,esperanto,a,sagittarius,pictor,neptune,documentary,edmontosaurus
bc1041,braven,contrera,m,july 20 1995,malay,b,sagittarius,perseus,pluto,biography,tyrannosaurus_rex
ek1922,ellenore,kimmons,f,may 7 1991,romanian,ab,leo,microscopium,jupiter,action,brachiosaurus
ab1763,alianni,buckmaster,f,january 17 1998,bislama,a,aquarius,eridanus,neptune,variety_show,carnotaurus
at1098,anyra,turnage,f,august 11 1992,rwanda,b,aries,scutum,uranus,variety_show,pteranodon
ap1099,ameri,parsons,m,november 6 1989,gikuyu,b,leo,lyra,mercury,supernatural,brachiosaurus
kr1862,keno,redfearn,m,august 8 1986,spanish,o,capricorn,lepus,jupiter,adventure,pteranodon
jv1306,jaeger,vanetten,m,february 1 1998,maithili,ab,scorpio,hercules,jupiter,historical,tyrannosaurus_rex
cc1489,chanell,celedon,f,august 29 1989,oriya,o,sagittarius,cepheus,saturn,entertainment,microceratus
ry1384,rylann,yeo,m,april 13 1991,dari,o,gemini,mensa,pluto,telenovelas,ankylosaurus
ma1128,miguel,annese,m,march 11 1987,nahuatl,ab,leo,corona,jupiter,comedy,tyrannosaurus_rex
vr1674,vyla,rabinowitz,f,april 16 1999,swahili,ab,aquarius,norma,earth,war,apatosaurus
md1472,marko,delorey,m,may 24 1988,jarai,a,gemini,serpens,mars,lifestyle,velociraptor
rl1509,reylin,labrie,f,april 10 1988,danish,a,aries,sagitta,mercury,horror,ankylosaurus
ag1423,addalyn,gail,f,october 6 1995,cantonese,ab,virgo,norma,saturn,culture,indominus_rex
mk1967,mursalin,kanda,m,july 3 1989,uyghur,ab,leo,lepus,uranus,anime,microceratus
om1535,oniyah,mikes,f,may 30 1991,french,o,aries,vela,uranus,cartoons,nasutoceratops
kk1131,khash,klemm,m,june 30 1994,tagalog,a,gemini,phoenix,earth,short_films,stegosaurus
ab1499,azayliah,baltimore,f,november 30 1999,malayalam,a,sagittarius,delphinus,saturn,music,suchomimus
cw1863,chrislyn,waterbury,f,january 27 1989,hungarian,o,aquarius,canes_venatici,pluto,anime,microceratus
kw1479,keymarion,wadleigh,m,june 20 1987,sinhala,ab,libra,ara,neptune,fashion,dryosaurus
sd1494,siosiua,dvorak,m,july 22 1993,thai,ab,aquarius,fornax,pluto,film_noir,ankylosaurus
kk1377,kanari,kole,m,january 20 1987,tajiki,a,aries,phoenix,neptune,lifestyle,triceratops
as1680,araoluwa,slatton,m,april 15 1989,hindi,a,leo,delphinus,uranus,variety,nasutoceratops
jg1900,jasher,guevara,m,march 12 1996,mongolian,o,aquarius,coma_berenices,mercury,dance,gallimimus
kj1407,koda,jeffreys,f,december 24 1999,tatar,b,aries,apus,mars,reality,edmontosaurus
yh1183,younes,hepworth,m,september 30 1997,slovak,a,leo,lupus,uranus,fashion,nasutoceratops
ts1035,traycen,smyser,m,september 15 1990,slovak,ab,capricorn,puppis,jupiter,documentary,mosasaurus
ep1213,eljay,penning,m,june 3 1989,malagasy,o,leo,pictor,uranus,film_noir,tyrannosaurus_rex
kb1322,keivon,balcom,m,december 23 1998,uzbek,a,scorpio,norma,mars,reality,mosasaurus
rj1746,rustyn,jama,m,march 12 1987,afrikaans,ab,aries,sextans,jupiter,anime,velociraptor
eo1694,emma,oleson,m,november 15 1985,igbo,a,aries,aquila,pluto,classics,gallimimus
nl1156,navella,law,f,march 19 1993,thai,b,gemini,caelum,uranus,culture,brachiosaurus
ab1377,aireon,blanton,m,october 3 1987,lao,ab,virgo,columba,jupiter,crime_mystery,carnotaurus
sz1817,sora,zimmerle,m,december 18 1992,hawaiian,ab,libra,orion,saturn,action,suchomimus
bb1186,bennett,braaten,f,september 8 1991,mandarin,o,leo,canis,uranus,short_films,spinosaurus
km1088,kenzlee,mirabella,f,march 25 1987,hungarian,b,libra,octans,earth,romance,mosasaurus
it1665,izayiah,totaro,m,december 25 1995,malayalam,o,cancer,chamaeleon,uranus,crime_mystery,velociraptor
em1882,enaya,maleski,f,february 21 1992,marathi,b,gemini,chamaeleon,mars,beauty,tyrannosaurus_rex
ss1569,shriya,schaff,f,february 19 1986,romani,b,taurus,vulpecula,mars,lifestyle,carnotaurus
ah1578,arcelia,horne,f,december 6 1995,icelandic,a,cancer,centaurus,mars,romance,pteranodon
am1682,addis,mohr,m,march 7 1993,lao,b,libra,cepheus,pluto,sports,baryonyx
cr1204,credence,robison,m,december 20 1995,italian,o,leo,carina,jupiter,melodrama,pteranodon
lh1380,lynnie,hauck,f,september 4 1999,kabyle,b,scorpio,centaurus,uranus,film_noir,stegosaurus
zr1035,zandra,ruhl,f,october 13 1989,hawaiian,o,sagittarius,puppis,neptune,romantic_comedy,carnotaurus
ac1339,amadi,cashin,f,february 29 1994,burmese,b,scorpio,canes_venatici,uranus,fashion,suchomimus
ao1216,alahna,otteson,f,september 24 1998,albanian,o,aquarius,draco,pluto,sports,mosasaurus
mh1389,maciah,heims,m,august 19 1993,rwanda,a,leo,pyxis,neptune,short_films,velociraptor
ah1778,aahna,hunsberger,f,august 20 1992,kannada,ab,gemini,pictor,jupiter,fantasy,kentrosaurus
an1214,amel,niemi,m,september 10 1995,bashkort,ab,aries,caelum,neptune,anime,pteranodon
ai1013,amariana,inskeep,f,july 13 1995,tibetic,o,scorpio,ophiuchus,neptune,webdrama,qianzhousaurus
bw1314,brigette,werkheiser,f,november 21 1986,burmese,o,virgo,vulpecula,mercury,music,indominus_rex
jb1545,john,bermeo,f,april 20 1993,telugu,b,aries,lacerta,jupiter,cartoons,mosasaurus
lt1451,lua,trevathan,f,march 10 1986,basque,b,cancer,lacerta,pluto,variety_show,nasutoceratops
ac1261,angelic,conaty,f,october 2 1995,spanish,o,sagittarius,monoceros,saturn,sports,mosasaurus
hg1074,huxlee,gaspard,m,september 28 1988,lingala,b,sagittarius,auriga,mars,culture,kentrosaurus
mm1247,madeley,mehmedovic,f,april 20 1985,hawaiian,ab,pisces,antlia,jupiter,adventure,baryonyx
mm1287,miryam,miltenberger,f,december 23 1994,romani,o,aries,camelopardalis,mars,dance,gallimimus
gv1298,georgie,verduzco,f,april 7 1998,kabyle,ab,cancer,hydra,saturn,costume_period,velociraptor
mf1514,maelynn,fariss,f,july 13 1996,spanish,b,libra,centaurus,earth,melodrama,ankylosaurus
nb1780,nymeir,berens,m,february 9 1993,swahili,o,aquarius,ursa,venus,reality,suchomimus
ks1670,karalina,schuett,f,april 4 1986,cantonese,o,pisces,octans,jupiter,cartoons,dimorphodon
ts1882,trew,stefanik,m,september 27 1985,afrikaans,b,sagittarius,crux,saturn,beauty,stegosaurus
as1238,ariyaah,stauss,f,february 7 1985,macedonian,o,pisces,musca,uranus,comedy,suchomimus
rk1549,rayquan,krebs,m,december 2 1989,amharic,b,libra,orion,saturn,comedy,pteranodon
kt1687,kiko,tupou,m,september 28 1985,scottish_gaelic,ab,virgo,andromeda,pluto,family_friendly,dimorphodon
ac1308,addonis,caruthers,m,august 30 1997,bengali,a,leo,cepheus,saturn,travel,baryonyx
nb1076,nelson,brenner,f,july 4 1990,serbian,b,libra,lynx,saturn,fantasy,suchomimus
bw1964,blaike,wiesner,f,february 1 1988,warlpiri,b,cancer,vela,saturn,comedy,pteranodon
mk1329,mishell,keasler,f,november 18 1999,kazakh,a,pisces,lepus,mercury,independent,carnotaurus
ib1600,isatu,brindley,f,august 14 1999,igbo,b,scorpio,reticulum,saturn,short_films,apatosaurus
co1078,christain,onstott,m,september 4 1988,kabyle,a,virgo,vela,earth,war,suchomimus
hm1160,haddon,medley,f,february 6 1994,gikuyu,o,libra,leo_minor,mars,telenovelas,carnotaurus
mc1341,marinette,coreas,f,march 23 1993,basque,b,capricorn,microscopium,mercury,telenovelas,brachiosaurus
al1053,alegend,lingle,m,december 9 1987,yucatec,b,pisces,cepheus,mercury,comedy,gallimimus
bs1983,beacon,safar,m,october 2 1988,nahuatl,ab,scorpio,gemini,jupiter,cartoons,nasutoceratops
vb1772,vidhaan,bisson,m,august 7 1995,gujarati,a,sagittarius,aquila,mercury,thriller_suspense,microceratus
ph1398,perfect,husby,f,october 9 1995,french,b,capricorn,norma,earth,classics,qianzhousaurus
rg1564,rommel,guillen,m,february 7 1987,bashkort,b,taurus,canis,mars,reality,dimorphodon
dh1722,dameir,hauschild,m,november 13 1989,azerbaijani,b,taurus,leo_minor,mercury,culture,ankylosaurus
zm1742,zamiya,massenburg,f,may 10 1993,esperanto,o,taurus,delphinus,earth,music,qianzhousaurus
ah1125,anaid,hamner,f,july 2 1985,arabic,ab,virgo,triangulum,mars,entertainment,edmontosaurus
hg1200,htoo,gow,m,may 11 1997,sindhi,ab,aries,scutum,neptune,rock,carnotaurus
ac1596,amelianna,coan,f,october 6 1988,nepali,b,aquarius,sculptor,saturn,drama,dryosaurus
yb1757,yris,bellas,f,august 18 1996,belarusan,o,capricorn,crater,mars,independent,tyrannosaurus_rex
zh1878,zyaira,hodgdon,f,february 15 1995,quechua,o,cancer,piscis_austrinus,neptune,sci_fi,indominus_rex
cb1259,chynna,bartow,f,april 14 1991,yucatec,b,sagittarius,antlia,mercury,sci_fi,microceratus
js1154,johndavid,sicilia,m,january 18 1985,german,ab,aries,cetus,jupiter,horror,pteranodon
bm1960,brooklyne,mayotte,f,february 29 1986,hausa,ab,virgo,equuleus,venus,historical,gallimimus
gn1276,gauge,neilsen,m,may 20 1988,sinhala,o,aries,pegasus,jupiter,family_friendly,spinosaurus
mm1442,mannix,matt,m,may 2 1994,gikuyu,o,aries,tucana,venus,cooking,suchomimus
ab1138,aboubakar,bergquist,m,october 15 1996,assamese,b,pisces,lupus,mars,sports,pteranodon
kk1669,khison,krolikowski,m,may 25 1987,oromo,a,libra,fornax,jupiter,anime,baryonyx
mp1974,mishka,pasek,f,september 13 1994,icelandic,b,taurus,columba,uranus,biography,apatosaurus
ya1665,yaritza,alavi,f,october 15 1988,serbian,o,pisces,andromeda,venus,melodrama,velociraptor
hs1842,henson,stavros,m,august 21 1989,portuguese,a,aquarius,norma,earth,dance,tyrannosaurus_rex
nr1517,nevae,rajan,f,december 5 1995,slovene,o,taurus,norma,neptune,sports,carnotaurus
tt1512,tavon,timmins,m,march 9 1986,indonesian,b,aries,crux,earth,action,microceratus
rw1802,raya,walter,f,december 27 1999,quechua,ab,libra,hydra,venus,sports,microceratus
mr1268,monty,royalty,m,july 25 1999,turkish,ab,virgo,pyxis,earth,family_friendly,tyrannosaurus_rex
bs1800,blakley,sponaugle,f,august 15 1992,basque,ab,libra,lyra,neptune,family_friendly,indominus_rex
rz1785,rmani,zaman,f,january 19 1999,uyghur,a,cancer,andromeda,venus,supernatural,carnotaurus
gs1786,graeson,sharifi,m,november 27 1993,dakota,o,pisces,pavo,pluto,crime_mystery,pteranodon
da1514,deari,ahlers,f,november 1 1997,somali,o,aries,apus,mars,war,suchomimus
mc1119,matthieu,cendejas,m,october 17 1996,dutch,o,cancer,cygnus,mars,war,qianzhousaurus
dg1177,denyla,glaspie,f,april 6 1986,bosnian,ab,gemini,serpens,jupiter,fantasy,microceratus
rj1048,rian,janssen,m,july 7 1986,catalan,o,pisces,piscis_austrinus,jupiter,short_films,gallimimus
ke1848,kayleanna,emrick,f,june 5 1992,aymara,o,virgo,corona,uranus,classics,kentrosaurus
ms1492,maeli,simoneaux,f,september 2 1987,italian,o,libra,scutum,mercury,horror,nasutoceratops
ll1484,lucciano,lumpkin,m,january 29 1996,igbo,o,aries,ara,uranus,romantic_comedy,apatosaurus
nk1988,nellie,kellam,f,june 15 1992,estonian,o,taurus,gemini,venus,melodrama,baryonyx
dg1472,deyonni,gadsden,f,march 8 1985,tigrigna,ab,sagittarius,horologium,mars,family_friendly,microceratus
mc1845,myer,cooper,m,november 1 1987,guarani,o,cancer,microscopium,venus,sports,kentrosaurus
mc1911,maylen,clonts,f,february 24 1985,tamil,o,taurus,norma,uranus,beauty,gallimimus
mv1969,matilda,varano,f,january 12 1997,somali,ab,leo,sextans,saturn,culture,spinosaurus
mh1403,mesiah,hinnant,m,february 25 1995,nahuatl,o,taurus,fornax,mars,fashion,spinosaurus
bm1955,bayan,mccluney,f,december 30 1991,turkmen,a,gemini,corvus,mercury,cooking,kentrosaurus
il1163,ihan,lauricella,m,june 3 1989,uyghur,ab,pisces,leo_minor,venus,short_films,microceratus
gn1862,grim,niehaus,m,january 11 1997,belarusan,b,libra,lepus,venus,romance,mosasaurus
ks1004,keegan,straus,m,december 21 1998,bulgarian,ab,sagittarius,vulpecula,pluto,documentary,triceratops
pk1071,presten,kooiman,m,march 17 1998,uzbek,o,virgo,equuleus,saturn,short_films,ankylosaurus
bc1230,breindy,caulder,f,march 8 1987,welsh,ab,sagittarius,draco,saturn,melodrama,brachiosaurus
kc1505,kamree,corter,f,november 18 1996,ojibwa,ab,libra,lacerta,pluto,film_noir,baryonyx
eh1754,evonne,hsia,f,january 13 1990,bhojpuri,o,cancer,fornax,mars,fantasy,brachiosaurus
zb1084,zaara,budge,f,december 23 1993,haitian_creole,a,capricorn,aquila,mars,melodrama,dimorphodon
km1062,karsynn,mendenhall,f,april 9 1998,xhosa,ab,cancer,lacerta,venus,horror,gallimimus
no1854,noman,orwig,m,june 26 1997,hungarian,a,aquarius,camelopardalis,neptune,comedy,qianzhousaurus
ks1950,karen,safran,m,february 8 1989,mongolian,b,leo,eridanus,uranus,crime_mystery,carnotaurus
er1460,elilah,rancourt,f,january 24 1999,urdu,o,taurus,lacerta,jupiter,reality,triceratops
bd1104,breylin,dewar,m,april 30 1995,georgian,a,libra,delphinus,uranus,sci_fi,triceratops
gs1181,gabbie,staudt,f,october 23 1987,bulgarian,b,aries,canes_venatici,mars,variety_show,gallimimus
sw1658,suzanne,wolfgram,f,january 8 1998,quechua,o,capricorn,monoceros,mars,dance,carnotaurus
sy1636,sigrid,yzaguirre,f,february 10 1995,burmese,o,cancer,volans,mercury,entertainment,pteranodon
vp1319,vaiden,peabody,m,november 14 1985,nepali,a,leo,pyxis,mars,anime,ankylosaurus
zm1023,ziyla,mcgriff,f,january 11 1990,latin,ab,libra,phoenix,mercury,thriller_suspense,kentrosaurus
ps1679,pendleton,schaap,m,may 15 1993,khoekhoe,o,aquarius,gemini,uranus,melodrama,spinosaurus
ak1675,adler,kohr,m,october 26 1997,japanese,b,taurus,reticulum,mercury,thriller_suspense,qianzhousaurus
rw1217,rydge,wyne,m,june 14 1987,slovak,b,aries,lynx,earth,family_friendly,brachiosaurus
mg1840,maahir,guerriero,m,december 1 1989,danish,o,libra,orion,earth,film_noir,edmontosaurus
le1490,ladarian,eastwood,m,april 22 1994,latvian,b,aries,cetus,neptune,crime_mystery,microceratus
lf1550,laidyn,facio,f,december 27 1993,mongolian,a,libra,centaurus,venus,melodrama,ankylosaurus
ml1356,millee,lyle,f,january 10 1998,spanish,b,taurus,crater,mars,culture,dryosaurus
dl1715,dynastee,luther,f,may 1 1996,lingala,o,gemini,andromeda,mars,film_noir,gallimimus
dw1517,diona,wilczek,f,april 24 1997,amharic,b,leo,ophiuchus,pluto,romance,mosasaurus
al1254,airel,linthicum,f,february 8 1991,indonesian,o,capricorn,ophiuchus,saturn,historical,gallimimus
oc1838,ophira,coutinho,f,may 18 1998,nahuatl,ab,gemini,lupus,pluto,lifestyle,edmontosaurus
yk1556,yakira,kenney,f,january 13 1995,punjabi,b,pisces,columba,pluto,horror,pteranodon
as1568,andrew,sartin,m,april 11 1987,nepali,ab,capricorn,microscopium,saturn,romance,pteranodon
tc1992,taelyn,carone,m,january 8 1993,ojibwa,o,cancer,octans,uranus,dance,dimorphodon
km1586,kenneth,manno,m,april 19 1991,bamanankan,ab,aries,draco,earth,telenovelas,carnotaurus
jw1521,jennaly,whitley,f,october 14 1990,inuit,a,virgo,monoceros,neptune,fantasy,indominus_rex
ac1557,arieliz,carranza,f,july 22 1985,balochi,ab,scorpio,hercules,uranus,rock,mosasaurus
pt1810,pavlos,tofte,m,february 18 1989,somali,a,scorpio,lepus,neptune,beauty,microceratus
tm1253,takoda,michalek,m,march 21 1999,korean,ab,virgo,cassiopeia,venus,horror,ankylosaurus
tc1617,tylee,cardiel,m,january 12 1993,guarani,a,pisces,horologium,earth,sci_fi,kentrosaurus
jk1701,jesaaelys,kissling,f,november 6 1985,kazakh,b,virgo,crater,uranus,travel,brachiosaurus
mv1845,merrit,voss,m,november 4 1991,hindi,ab,libra,chamaeleon,uranus,documentary,apatosaurus
lh1734,levie,hankins,m,june 28 1985,dari,o,cancer,gemini,jupiter,action,velociraptor
ts1194,teon,spiro,m,december 24 1994,latvian,ab,taurus,puppis,mars,classics,suchomimus
jk1719,jhair,kucharski,m,july 30 1988,igbo,ab,aries,perseus,mercury,supernatural,dimorphodon
os1421,oliva,santucci,f,july 11 1985,finnish,ab,aries,cetus,saturn,cooking,nasutoceratops
dj1963,dawes,jewett,m,august 20 1997,samoan,o,taurus,delphinus,mars,crime_mystery,triceratops
zc1128,zhurie,calais,f,october 29 1990,ojibwa,b,cancer,ursa,jupiter,adventure,edmontosaurus
tl1680,ty,langen,f,june 1 1999,tajiki,b,gemini,hercules,pluto,idol,microceratus
kg1302,kree,gaddie,f,december 3 1988,somali,b,capricorn,piscis_austrinus,mercury,travel,mosasaurus
qr1398,quintessa,risk,f,may 11 1995,latvian,b,cancer,leo_minor,pluto,variety_show,ankylosaurus
ra1791,remilynn,astudillo,f,november 2 1995,dakota,o,leo,chamaeleon,earth,sports,indominus_rex
bl1961,bellagrace,lobue,f,august 21 1992,assamese,ab,pisces,lupus,jupiter,horror,kentrosaurus
yj1501,yanuel,jemmott,m,march 2 1987,lithuanian,a,gemini,pyxis,neptune,costume_period,kentrosaurus
cf1581,camiya,fleishman,f,march 16 1992,bosnian,ab,scorpio,reticulum,pluto,biography,tyrannosaurus_rex
lm1700,layali,mckelvey,f,november 9 1993,swedish,b,pisces,scutum,neptune,melodrama,apatosaurus
us1946,uriah,seng,m,december 21 1991,thai,b,leo,circinus,venus,telenovelas,indominus_rex
yg1575,yadhira,gervasio,f,january 25 1990,dari,o,libra,tucana,jupiter,entertainment,pteranodon
mj1833,margarete,jennison,f,december 1 1993,malay,b,cancer,horologium,mercury,biography,brachiosaurus
sh1227,sahalie,halverson,f,september 24 1989,yakut,o,aries,lupus,mars,documentary,triceratops
ig1092,ivanka,guijarro,f,february 6 1998,haitian_creole,ab,libra,camelopardalis,venus,horror,gallimimus
as1005,arly,strausbaugh,f,october 27 1988,albanian,ab,pisces,monoceros,earth,biography,triceratops
sb1844,sylus,balliet,m,november 14 1999,kurdish,b,leo,cassiopeia,pluto,romance,edmontosaurus
gc1679,giovana,capozzi,f,december 1 1989,swedish,a,scorpio,perseus,mars,variety,velociraptor
ak1210,ariz,kunz,m,march 11 1998,zapotec,b,aquarius,piscis_austrinus,uranus,costume_period,apatosaurus
ks1470,kaceon,saum,m,april 1 1990,lao,ab,scorpio,pavo,mars,lifestyle,suchomimus
tb1684,tywon,bosch,m,february 22 1998,vietnamese,a,aquarius,carina,pluto,fantasy,suchomimus
km1058,kior,maxfield,m,december 14 1998,malay,o,aries,scutum,jupiter,political,kentrosaurus
pb1507,pascale,bauder,f,march 30 1988,hungarian,a,aries,cetus,mercury,crime_mystery,stegosaurus
an1444,athelia,nordby,f,december 23 1985,dakota,b,pisces,carina,neptune,telenovelas,gallimimus
za1261,ziv,arend,m,february 8 1991,japanese,ab,capricorn,canes_venatici,uranus,music,mosasaurus
ts1794,tillie,sze,f,march 11 1992,ojibwa,ab,pisces,ursa,earth,horror,dimorphodon
hk1996,hoke,kubacki,m,december 25 1987,thai,o,scorpio,centaurus,jupiter,independent,triceratops
ps1116,paras,salama,m,february 19 1997,macedonian,o,sagittarius,telescopium,mercury,fashion,stegosaurus
ag1890,adalet,germano,f,august 25 1985,italian,a,pisces,pictor,venus,documentary,stegosaurus
do1757,daivik,orem,m,april 5 1993,georgian,o,sagittarius,crater,mercury,telenovelas,stegosaurus
lc1694,lenni,charvat,m,october 14 1991,telugu,ab,taurus,corvus,neptune,variety,gallimimus
js1884,jeovany,sullenberger,m,september 7 1997,igbo,a,libra,serpens,jupiter,fashion,qianzhousaurus
cf1808,christobal,fischer,m,november 21 1989,sindhi,ab,taurus,pyxis,neptune,sci_fi,triceratops
ei1958,elsbeth,ipock,f,february 11 1994,bislama,b,cancer,corvus,mars,political,velociraptor
or1994,oluwalonimi,riggle,f,may 7 1987,maithili,b,aries,pegasus,neptune,short_films,ankylosaurus
mf1856,mahala,faison,f,august 15 1988,czech,o,aries,cassiopeia,venus,biography,dryosaurus
js1110,jentri,schaper,f,february 1 1991,gujarati,a,taurus,sextans,venus,anime,dimorphodon
ac1947,andretti,crisp,m,august 17 1991,mongolian,o,aries,capricornus,saturn,sports,baryonyx
aj1727,aaron,janisch,m,december 10 1998,bamanankan,b,leo,chamaeleon,mercury,travel,indominus_rex
ar1617,arlen,rosenbaum,m,november 10 1998,guarani,b,libra,volans,saturn,adventure,dryosaurus
mm1629,myran,mustafa,m,december 21 1999,arabic,b,taurus,telescopium,neptune,music,tyrannosaurus_rex
hj1930,hasley,judkins,f,february 29 1985,tajiki,o,sagittarius,serpens,pluto,historical,dimorphodon
kh1354,kaysen,hause,f,september 9 1999,ilocano,a,pisces,monoceros,saturn,comedy,dimorphodon
rs1518,randon,shackelford,m,february 27 1997,swedish,o,taurus,vela,mars,horror,triceratops
sr1291,sanson,rainer,m,july 29 1999,telugu,b,virgo,canes_venatici,uranus,cartoons,gallimimus
kc1074,kaydrian,cothern,m,may 16 1995,french,o,aries,draco,pluto,political,suchomimus
dw1950,dandre,wingerter,m,february 21 1985,ilocano,b,cancer,corona,neptune,telenovelas,apatosaurus
sg1042,siaosi,goulding,m,september 28 1997,bulgarian,b,pisces,reticulum,earth,thriller_suspense,brachiosaurus
sy1762,shaw,yue,m,may 13 1994,dutch,b,taurus,pyxis,earth,costume_period,microceratus
rh1220,rashaad,hagedorn,m,march 24 1990,aymara,a,gemini,hydra,venus,fantasy,suchomimus
de1355,deana,evan,f,may 20 1991,oromo,b,capricorn,musca,mercury,documentary,apatosaurus
on1427,oluwatosin,neas,m,october 10 1989,norwegian,b,virgo,sagitta,mercury,romantic_comedy,kentrosaurus
ap1408,asami,parziale,f,may 14 1985,tajiki,ab,taurus,musca,saturn,variety_show,spinosaurus
kd1047,kiyah,duff,f,march 26 1986,azerbaijani,a,taurus,telescopium,neptune,political,kentrosaurus
xl1359,xianna,lucatero,f,march 18 1989,kyrgyz,o,scorpio,lynx,mars,fashion,suchomimus
nm1598,norton,moura,m,april 21 1999,kurdish,ab,virgo,reticulum,mercury,lifestyle,dimorphodon
ct1242,colyn,towns,m,september 2 1992,sindhi,o,scorpio,crater,jupiter,variety,spinosaurus
sf1932,stassi,fortson,f,july 18 1992,hausa,o,cancer,scutum,mars,biography,nasutoceratops
am1917,albertina,mcgloin,f,september 28 1987,mongolian,ab,cancer,sextans,neptune,reality,edmontosaurus
lm1608,linden,margerum,f,november 23 1998,hungarian,a,aquarius,triangulum,saturn,beauty,brachiosaurus
bh1660,broc,haith,m,july 11 1985,serbian,o,gemini,lacerta,earth,family_friendly,kentrosaurus
fg1007,finneas,gaver,m,august 2 1996,quechua,ab,aquarius,lepus,saturn,documentary,stegosaurus
ad1698,auden,deangelo,m,november 28 1992,yiddish,ab,taurus,orion,mars,fantasy,stegosaurus
fm1416,fiadh,murray,f,june 20 1988,somali,o,cancer,perseus,jupiter,beauty,dimorphodon
sd1570,stephenie,dua,f,august 28 1992,nahuatl,a,scorpio,circinus,neptune,webdrama,ankylosaurus
rg1663,rosalynn,grosz,f,may 13 1986,chechen,ab,aries,pictor,pluto,dance,edmontosaurus
af1400,allister,fontanilla,m,october 3 1994,lao,ab,aries,norma,earth,independent,kentrosaurus
eb1987,ellenie,ballas,f,november 24 1986,catalan,o,leo,grus,mars,lifestyle,carnotaurus
kc1954,kristian,counterman,m,may 14 1994,slovene,b,sagittarius,orion,uranus,documentary,nasutoceratops
th1871,tyde,halloway,m,october 21 1985,albanian,o,leo,horologium,saturn,family_friendly,qianzhousaurus
at1947,ali,tracey,f,july 12 1991,yoruba,b,virgo,grus,uranus,music,pteranodon
ac1066,amma,carvalho,f,november 15 1986,burmese,o,taurus,hydrus,mars,film_noir,brachiosaurus
eb1423,emary,balmer,f,january 17 1999,malayalam,ab,gemini,lyra,earth,adventure,baryonyx
kk1741,kynslei,kroeger,f,august 23 1993,inuit,ab,gemini,lupus,earth,romance,dimorphodon
sk1161,syx,kennel,f,january 1 1996,nepali,ab,sagittarius,centaurus,earth,horror,tyrannosaurus_rex
st1483,steffon,tomas,m,january 7 1999,aramaic,ab,gemini,antlia,saturn,fashion,baryonyx
km1141,kirby,mota,m,march 24 1998,tatar,b,libra,octans,mercury,dance,suchomimus
rf1486,raul,foulke,m,december 23 1990,sindhi,ab,libra,auriga,mercury,reality,indominus_rex
cg1909,calynn,grijalva,f,october 14 1996,wolof,ab,pisces,scutum,venus,classics,suchomimus
hb1566,heela,borner,f,august 25 1992,czech,b,virgo,vela,mars,short_films,spinosaurus
mm1682,maxamillion,madara,m,september 28 1988,sindhi,ab,cancer,cepheus,venus,culture,apatosaurus
kh1633,kerim,hollar,m,april 12 1990,tagalog,ab,virgo,pegasus,neptune,rock,velociraptor
dg1951,dilynn,graham,f,july 16 1995,maithili,b,pisces,microscopium,saturn,comedy,mosasaurus
ds1890,darel,stuckey,m,february 27 1997,dakota,o,sagittarius,corona,mercury,horror,brachiosaurus
nn1806,nyeir,nickle,m,october 23 1999,aymara,b,aries,auriga,earth,cartoons,edmontosaurus
ah1330,angelly,hammill,f,october 11 1986,zulu,a,gemini,cygnus,saturn,variety_show,kentrosaurus
mr1599,million,rosemond,f,february 11 1991,tachelhit,b,cancer,andromeda,mercury,lifestyle,edmontosaurus
kg1615,kayin,gentner,m,july 2 1985,uzbek,a,libra,hydrus,earth,music,microceratus
mt1742,miles,thorne,m,march 15 1993,aramaic,ab,aquarius,columba,jupiter,idol,microceratus
tb1359,tailani,biernacki,f,december 19 1994,yiddish,ab,aquarius,crater,mercury,classics,qianzhousaurus
ar1758,alayah,roderick,f,september 13 1998,bislama,b,virgo,leo_minor,venus,film_noir,indominus_rex
ab1854,audreanna,blansett,f,september 7 1991,chechen,b,scorpio,pegasus,pluto,fashion,edmontosaurus
dq1621,darielys,quiroz,f,december 24 1998,kabyle,o,virgo,corona,neptune,melodrama,dimorphodon
om1655,otter,minassian,m,november 1 1994,navajo,a,scorpio,hydra,venus,short_films,velociraptor
ac1221,aunisty,cardinale,f,may 21 1988,bashkort,ab,aries,carina,jupiter,fashion,triceratops
ew1551,ever,wolpert,m,november 18 1993,oromo,o,taurus,fornax,earth,supernatural,pteranodon
cl1798,caliber,lanuza,m,july 17 1997,azerbaijani,ab,pisces,gemini,venus,cooking,dimorphodon
ap1836,aric,pisciotta,m,august 24 1992,navajo,ab,scorpio,vela,mercury,cooking,carnotaurus
mn1737,matyas,nolt,m,january 22 1989,icelandic,a,taurus,aquila,neptune,war,suchomimus
ep1597,esko,par,m,december 12 1991,bhojpuri,a,pisces,lupus,venus,entertainment,qianzhousaurus
lh1616,livy,hoover,f,december 15 1994,ukrainian,ab,pisces,piscis_austrinus,pluto,variety_show,suchomimus
de1882,damara,elie,f,february 5 1985,punjabi,a,pisces,lupus,mars,idol,pteranodon
ch1299,christon,hickerson,m,july 16 1989,czech,o,libra,ophiuchus,mars,lifestyle,mosasaurus
sd1177,safreen,doctor,f,january 11 1989,estonian,ab,libra,pictor,pluto,political,qianzhousaurus
ok1028,orlin,koh,m,october 21 1992,aymara,a,gemini,hercules,saturn,sci_fi,qianzhousaurus
yc1766,yadir,christoff,m,july 3 1988,bamanankan,b,libra,aquila,venus,variety,baryonyx
tr1119,travis,ruddock,m,march 6 1987,kazakh,a,sagittarius,lynx,earth,idol,brachiosaurus
al1557,andrej,lanham,m,february 18 1992,kabyle,b,pisces,chamaeleon,saturn,fashion,ankylosaurus
fc1546,finlee,castelo,m,april 14 1998,afrikaans,ab,virgo,hydra,jupiter,rock,pteranodon
li1614,lorcan,isenhower,m,february 11 1997,burmese,o,leo,piscis_austrinus,mercury,cooking,suchomimus
ma1569,moshe,alward,m,february 28 1985,chechen,a,capricorn,musca,earth,travel,spinosaurus
zk1681,zahmari,keebler,m,december 1 1998,bamanankan,o,gemini,canes_venatici,venus,war,kentrosaurus
ig1024,indyca,gaylor,f,january 14 1989,greek,o,pisces,crater,earth,rock,stegosaurus
fr1009,fadel,royalty,m,november 27 1993,punjabi,a,scorpio,caelum,earth,adventure,brachiosaurus
nm1158,nana,mertz,m,june 22 1986,turkish,b,virgo,sagitta,jupiter,variety_show,triceratops
mg1682,mystic,goggin,f,december 25 1990,dakota,o,aquarius,microscopium,uranus,fashion,tyrannosaurus_rex
lc1305,lalia,cyprian,f,may 24 1999,latvian,b,cancer,corvus,earth,family_friendly,carnotaurus
eb1868,elanie,baley,f,january 23 1989,danish,ab,aries,lupus,saturn,music,pteranodon
aa1986,ahmora,anaya,f,december 23 1999,telugu,o,aries,delphinus,earth,thriller_suspense,kentrosaurus
mc1995,mykel,callies,m,june 30 1994,slovene,ab,sagittarius,draco,pluto,fashion,brachiosaurus
kg1489,kyus,gillihan,m,october 21 1988,balochi,ab,aries,corona,neptune,melodrama,nasutoceratops
ji1695,janell,ingles,f,december 9 1990,telugu,o,sagittarius,centaurus,uranus,rock,microceratus
hh1202,haidar,harper,m,december 22 1998,maithili,b,sagittarius,equuleus,pluto,documentary,indominus_rex
js1511,jackelin,shiffer,f,october 28 1993,telugu,a,aquarius,delphinus,neptune,anime,baryonyx
rk1803,rouse,kean,f,april 29 1997,korean,o,pisces,sagitta,mars,adventure,gallimimus
ch1885,caiyah,hildebrand,f,may 8 1987,wolof,ab,cancer,lyra,mercury,reality,kentrosaurus
ls1479,livienne,sakowski,f,july 14 1985,kashmiri,b,taurus,vulpecula,neptune,culture,kentrosaurus
tn1674,treshawn,navarra,m,may 21 1986,wolof,b,pisces,crux,uranus,music,triceratops
ek1558,edalyn,kimbel,f,november 9 1997,croatian,a,virgo,octans,uranus,beauty,pteranodon
sn1114,safaa,nicks,f,august 11 1993,dari,a,aquarius,cetus,uranus,melodrama,mosasaurus
mf1372,milea,fullard,f,october 10 1985,lingala,o,virgo,auriga,mars,variety_show,pteranodon
xw1903,xyliana,wiles,f,february 4 1991,greek,o,cancer,norma,venus,music,velociraptor
dr1039,deon,roseboro,m,september 4 1990,vietnamese,o,gemini,piscis_austrinus,mars,beauty,gallimimus
yh1586,yesli,hilario,f,april 28 1997,balochi,a,sagittarius,vela,pluto,documentary,gallimimus
nw1353,nura,wikstrom,f,february 5 1990,gujarati,a,cancer,pavo,neptune,drama,qianzhousaurus
jb1975,jaycie,board,f,november 19 1985,tamil,b,taurus,piscis_austrinus,jupiter,political,spinosaurus
at1129,azzaria,towery,f,april 24 1994,punjabi,a,pisces,piscis_austrinus,earth,family_friendly,indominus_rex
wb1984,weylin,bonsignore,m,august 6 1992,kashmiri,o,libra,hercules,pluto,romance,velociraptor
ip1166,ishana,parmar,f,march 9 1989,welsh,o,virgo,orion,mars,costume_period,suchomimus
kk1840,kyier,krahn,m,january 4 1989,wolof,b,virgo,lynx,pluto,variety_show,triceratops
ka1824,kaydn,ayscue,m,june 27 1994,igbo,b,libra,crux,pluto,independent,suchomimus
ps1407,pari,schenker,f,march 7 1991,persian,o,virgo,capricornus,saturn,horror,velociraptor
mc1197,makaiya,claytor,f,may 8 1991,welsh,ab,leo,aquila,jupiter,romance,velociraptor
nu1922,niana,ubaldo,f,october 25 1990,yoruba,b,leo,serpens,mars,idol,kentrosaurus
ar1377,adriana,renzi,m,june 26 1992,japanese,a,scorpio,lacerta,mars,short_films,brachiosaurus
sg1811,stellaluna,glavin,f,may 6 1992,hawaiian,b,capricorn,carina,earth,music,nasutoceratops
kh1425,kadence,hains,m,april 4 1988,bengali,a,aries,vela,pluto,anime,qianzhousaurus
md1960,mikyle,delaguila,m,march 11 1995,kurdish,a,leo,hydrus,mars,reality,dimorphodon
lr1316,lynae,rorabaugh,f,september 10 1990,slovak,b,cancer,delphinus,saturn,comedy,edmontosaurus
mr1154,marvin,rexford,m,march 21 1992,czech,a,pisces,cetus,mercury,rock,ankylosaurus
bn1864,breckon,nery,m,december 26 1991,serbian,b,virgo,lynx,neptune,variety,pteranodon
tw1494,taina,winnett,f,april 15 1990,oriya,ab,sagittarius,corona,earth,supernatural,carnotaurus
aw1744,alanni,womack,f,july 5 1988,persian,o,cancer,perseus,venus,historical,suchomimus
ds1665,danai,sherpa,f,july 24 1985,portuguese,a,taurus,cepheus,venus,documentary,tyrannosaurus_rex
dm1354,delayah,myron,f,may 13 1999,telugu,ab,aries,dorado,saturn,documentary,triceratops
be1245,brienna,elwell,f,june 12 1991,mende,b,scorpio,microscopium,venus,cartoons,tyrannosaurus_rex
zh1708,zhoemy,hause,f,february 30 1991,russian,ab,sagittarius,dorado,uranus,entertainment,ankylosaurus
ap1311,afrah,plant,f,august 6 1988,kurdish,ab,scorpio,gemini,saturn,family_friendly,pteranodon
fm1412,furkan,moskowitz,m,june 8 1996,urdu,o,sagittarius,canes_venatici,mercury,independent,kentrosaurus
ms1717,mohamed,sylve,m,march 17 1985,yoruba,a,cancer,sextans,uranus,anime,microceratus
ls1608,liylah,schimmel,f,october 17 1993,mongolian,a,capricorn,pegasus,venus,supernatural,triceratops
sd1943,steeley,destefano,f,may 28 1994,rwanda,o,aries,apus,jupiter,action,kentrosaurus
cm1236,charan,mullet,m,june 4 1989,swedish,a,aquarius,vela,uranus,adventure,tyrannosaurus_rex
ks1233,klaus,stohr,m,december 23 1992,yucatec,ab,aries,circinus,earth,film_noir,suchomimus
jc1821,janay,chinchilla,f,december 2 1997,norwegian,o,aries,norma,uranus,culture,suchomimus
am1177,aiham,mallard,m,september 2 1990,burmese,b,scorpio,corvus,pluto,sci_fi,stegosaurus
cp1856,cady,petito,f,may 29 1995,kazakh,ab,aries,pavo,mars,variety,suchomimus
ro1913,rosamae,olivencia,f,november 25 1993,inuit,b,libra,dorado,mercury,crime_mystery,dimorphodon
zd1644,zamir,dalby,m,july 9 1991,english,ab,capricorn,dorado,neptune,dance,stegosaurus
mr1148,marshall,reagin,m,august 30 1990,afrikaans,ab,capricorn,eridanus,saturn,lifestyle,velociraptor
aa1048,anayi,asaro,f,september 27 1986,macedonian,o,leo,auriga,jupiter,variety,tyrannosaurus_rex
et1049,edon,tokarski,m,july 17 1985,estonian,a,leo,monoceros,pluto,film_noir,spinosaurus
rw1334,rhyann,wildt,f,august 19 1985,catalan,ab,libra,columba,saturn,melodrama,pteranodon
ma1904,miabelle,almon,f,april 28 1988,vietnamese,ab,scorpio,pegasus,pluto,lifestyle,kentrosaurus
sa1143,sharod,aoki,m,february 23 1986,dholuo,ab,pisces,lepus,venus,culture,stegosaurus
jh1135,julius,hines,m,october 26 1997,kannada,a,libra,puppis,earth,rock,kentrosaurus
ls1391,leighlani,stice,f,november 14 1991,kyrgyz,b,capricorn,mensa,neptune,cooking,velociraptor
el1046,ellamarie,lamour,f,september 20 1994,persian,b,scorpio,sagitta,pluto,sports,qianzhousaurus
ev1833,eiker,velasquez,m,april 24 1999,mende,a,sagittarius,tucana,saturn,thriller_suspense,suchomimus
lc1338,lynley,crofts,f,august 20 1989,croatian,b,aries,lupus,saturn,horror,tyrannosaurus_rex
dd1954,dennhi,duval,f,may 17 1988,swedish,a,pisces,canes_venatici,neptune,romance,tyrannosaurus_rex
bh1453,brook,houdek,f,october 8 1987,gujarati,a,pisces,centaurus,jupiter,political,kentrosaurus
eb1152,esai,buckalew,m,september 12 1991,german,ab,pisces,coma_berenices,saturn,entertainment,kentrosaurus
js1812,joni,smythe,m,september 21 1992,finnish,ab,taurus,orion,uranus,historical,triceratops
jk1332,jakiyah,kosko,f,may 23 1985,basque,a,aquarius,fornax,neptune,thriller_suspense,nasutoceratops
jh1357,jexi,hardwick,f,april 12 1987,indonesian,a,leo,antlia,mercury,variety,gallimimus
fs1492,fynlie,shewmake,f,april 11 1992,nahuatl,b,gemini,aquila,earth,fantasy,mosasaurus
yg1482,yeimy,gentile,f,august 17 1988,greek,a,libra,tucana,uranus,independent,triceratops
rm1340,reeve,mrozek,m,june 12 1997,finnish,ab,taurus,cassiopeia,uranus,film_noir,microceratus
eh1414,ellise,hines,f,june 9 1995,bamanankan,a,taurus,canis,saturn,documentary,ankylosaurus
mc1547,michel,coppage,f,october 28 1999,macedonian,ab,gemini,telescopium,pluto,reality,apatosaurus
dm1192,dagim,morneau,m,april 14 1989,turkish,ab,scorpio,vela,venus,webdrama,ankylosaurus
jf1394,jahsiah,favila,m,january 6 1995,haitian_creole,o,aquarius,draco,uranus,lifestyle,carnotaurus
ab1358,arisha,bratten,f,december 26 1989,shona,o,capricorn,norma,pluto,dance,pteranodon
am1890,adalynne,majerus,f,august 7 1996,oromo,ab,taurus,draco,jupiter,webdrama,brachiosaurus
ag1360,alise,gupta,f,december 3 1993,belarusan,ab,scorpio,canis,mercury,crime_mystery,kentrosaurus
ab1203,amirjon,boarman,m,february 4 1988,ilocano,b,capricorn,hydrus,mercury,drama,pteranodon
db1233,demetria,barrette,f,december 25 1996,thai,a,leo,cepheus,neptune,reality,stegosaurus
rd1506,riyanshi,demeo,f,december 5 1996,polish,b,aquarius,vulpecula,mercury,romance,baryonyx
ka1681,kavian,anchondo,m,november 4 1994,tajiki,a,libra,scorpius,earth,webdrama,tyrannosaurus_rex
js1416,jhamari,shy,m,december 28 1988,zulu,o,taurus,caelum,pluto,drama,mosasaurus
tp1844,tyrice,pettaway,m,may 27 1986,czech,o,leo,pavo,neptune,crime_mystery,baryonyx
pa1909,priyah,amorim,f,september 2 1998,guarani,ab,aries,pegasus,neptune,film_noir,microceratus
ia1139,isabellamarie,abebe,f,september 23 1999,russian,o,taurus,corona,pluto,fantasy,apatosaurus
ah1809,atarah,harkin,f,november 28 1998,mende,ab,pisces,camelopardalis,pluto,historical,kentrosaurus
mt1036,masin,tookes,m,august 3 1985,aramaic,o,libra,vulpecula,earth,thriller_suspense,baryonyx
kh1229,kay,himmel,f,may 27 1990,hungarian,b,gemini,antlia,neptune,independent,baryonyx
ef1077,elanah,friend,f,october 29 1990,jarai,ab,cancer,serpens,venus,independent,brachiosaurus
jw1225,josabeth,wolfson,f,may 27 1992,khoekhoe,ab,taurus,dorado,mars,dance,suchomimus
ab1827,anuar,ballinas,m,august 11 1997,dholuo,o,virgo,ursa,mercury,short_films,kentrosaurus
xb1113,xiya,beason,f,april 12 1999,malagasy,b,taurus,canes_venatici,uranus,beauty,indominus_rex
rj1583,rance,jain,m,may 28 1991,brahui,a,aries,pegasus,pluto,variety,pteranodon
nb1976,novalynn,bettinger,f,july 23 1991,kannada,o,capricorn,equuleus,neptune,beauty,triceratops
rt1558,rosella,thorne,f,december 13 1985,tamil,ab,sagittarius,norma,earth,romance,dimorphodon
pg1577,philopater,guijarro,m,december 27 1985,tajiki,a,cancer,tucana,saturn,dance,brachiosaurus
mp1170,meryem,pedigo,f,february 2 1990,marathi,b,pisces,scorpius,uranus,family_friendly,kentrosaurus
ad1721,annaliya,despain,f,september 25 1988,kyrgyz,o,gemini,octans,jupiter,political,gallimimus
ha1934,haysten,avella,m,july 16 1998,dholuo,ab,leo,eridanus,mercury,lifestyle,ankylosaurus
bg1685,burke,gries,f,october 28 1994,estonian,o,libra,orion,uranus,family_friendly,baryonyx
kf1961,kaymari,finlayson,f,june 3 1989,dari,o,leo,horologium,saturn,action,triceratops
ts1131,thania,shockey,f,june 28 1994,kabyle,a,libra,circinus,venus,political,indominus_rex
bl1964,baila,loyola,f,january 30 1988,aymara,ab,cancer,microscopium,venus,reality,mosasaurus
kf1219,khamir,fricker,m,august 30 1987,khoekhoe,a,scorpio,horologium,earth,rock,pteranodon
ma1481,mohammad,albarracin,m,january 25 1986,sindhi,a,pisces,auriga,mars,horror,nasutoceratops
sc1073,sabrina,crawford,f,july 21 1988,cebuano,a,virgo,lyra,mercury,anime,indominus_rex
rp1026,rozlynn,piper,f,december 6 1996,german,ab,libra,auriga,mercury,fashion,ankylosaurus
bb1959,breann,brierley,f,march 12 1986,urdu,ab,capricorn,crux,mercury,biography,spinosaurus
tj1118,triton,jeanpaul,m,november 9 1992,tagalog,a,gemini,antlia,earth,adventure,gallimimus
wc1719,wynton,coutinho,m,february 27 1991,croatian,ab,gemini,columba,venus,cooking,qianzhousaurus
kd1441,kaytlynn,don,f,december 23 1996,welsh,a,capricorn,dorado,mercury,travel,brachiosaurus
bo1142,bennette,odriscoll,f,january 17 1993,wolof,a,leo,mensa,neptune,beauty,suchomimus
ib1117,itzia,brooking,f,june 9 1999,hindi,b,taurus,lepus,pluto,anime,spinosaurus
as1682,adya,stamant,f,april 4 1996,sindhi,ab,aquarius,ursa,pluto,travel,tyrannosaurus_rex
lg1894,lake,gosch,f,january 21 1986,ojibwa,o,scorpio,lyra,saturn,sci_fi,velociraptor
tm1417,truleigh,mikita,f,august 22 1998,lao,o,scorpio,chamaeleon,pluto,variety_show,microceratus
lk1044,leopoldo,kays,m,january 17 1993,lao,b,taurus,carina,uranus,war,pteranodon
jl1646,joshua,lipford,m,may 22 1985,welsh,o,taurus,pyxis,neptune,thriller_suspense,gallimimus
sm1255,saifullah,meister,m,november 27 1994,portuguese,a,leo,dorado,earth,supernatural,carnotaurus
kp1013,kaylen,penick,f,november 20 1990,lingala,b,leo,mensa,neptune,short_films,pteranodon
yd1514,yoandri,deming,m,may 16 1996,assamese,b,aquarius,vulpecula,earth,short_films,pteranodon
cd1667,caylen,drayton,m,july 11 1992,dakota,b,taurus,corona,earth,supernatural,indominus_rex
hn1316,hannan,nobriga,f,april 29 1986,portuguese,b,leo,leo_minor,uranus,anime,brachiosaurus
df1204,danette,fuhrer,f,july 8 1985,haitian_creole,a,gemini,apus,saturn,independent,suchomimus
al1808,aaqib,luz,m,august 10 1985,burmese,a,taurus,lynx,mars,culture,baryonyx
wp1221,whynter,plautz,f,may 11 1991,urdu,ab,aries,fornax,earth,variety_show,carnotaurus
ab1384,austyn,buckelew,f,may 12 1991,somali,a,cancer,lepus,venus,comedy,apatosaurus
bs1015,bellami,scheck,f,september 26 1996,tatar,b,pisces,crux,pluto,costume_period,suchomimus
ab1748,aven,bieker,m,june 3 1995,czech,a,capricorn,ursa,neptune,historical,spinosaurus
ph1918,poppi,heltzel,f,may 13 1989,mongolian,b,scorpio,leo_minor,saturn,adventure,carnotaurus
ak1545,aleksandr,keranen,m,january 11 1998,zulu,o,taurus,eridanus,pluto,supernatural,ankylosaurus
cp1967,chaarvi,pendergraft,f,may 8 1992,turkmen,o,sagittarius,lacerta,jupiter,beauty,dimorphodon
am1932,azal,mcmurtrie,f,december 28 1993,croatian,ab,leo,orion,mars,independent,stegosaurus
ar1975,aleana,rabadan,f,january 27 1994,kabyle,a,capricorn,dorado,mercury,webdrama,dimorphodon
ac1830,amay,coscia,m,april 14 1991,bamanankan,o,libra,pictor,saturn,independent,baryonyx
js1140,johnthomas,sechrist,m,february 14 1992,uyghur,o,scorpio,scorpius,neptune,supernatural,triceratops
ab1828,athenea,berryhill,f,may 24 1994,urdu,ab,gemini,leo_minor,mars,music,qianzhousaurus
eo1211,evergreen,otten,f,september 26 1987,romanian,a,taurus,equuleus,mercury,political,mosasaurus
as1538,alianah,sellers,f,february 30 1986,thai,a,scorpio,pictor,mercury,lifestyle,dimorphodon
ca1806,conrad,alphonso,m,march 29 1998,icelandic,a,cancer,cepheus,saturn,travel,qianzhousaurus
is1272,imara,shang,f,october 16 1986,bislama,o,sagittarius,reticulum,neptune,comedy,edmontosaurus
kc1458,karlyn,carothers,f,august 12 1997,romanian,a,aries,norma,neptune,rock,qianzhousaurus
tz1245,tobi,zoll,m,november 13 1986,yucatec,a,pisces,capricornus,earth,telenovelas,pteranodon
dt1409,demarko,tjaden,m,january 27 1990,latvian,a,scorpio,camelopardalis,saturn,costume_period,mosasaurus
zs1029,zeldy,stumph,f,november 4 1989,chechen,a,gemini,cassiopeia,uranus,sports,mosasaurus
nc1914,naimah,christoffersen,f,june 7 1991,malayalam,ab,pisces,leo_minor,jupiter,sci_fi,microceratus
ag1406,avari,greathouse,m,december 28 1988,dari,b,gemini,capricornus,saturn,webdrama,apatosaurus
mg1770,misty,gooch,f,february 5 1991,dari,o,scorpio,orion,jupiter,dance,microceratus
jb1903,jasiya,brum,f,september 22 1986,marathi,ab,cancer,draco,saturn,culture,velociraptor
ht1718,hugo,toller,m,october 29 1987,brahui,ab,aquarius,volans,mercury,melodrama,ankylosaurus
zb1004,zeppelyn,barefoot,f,december 27 1987,dari,b,pisces,scutum,earth,fashion,edmontosaurus
dm1235,daniyah,mauzy,f,december 28 1987,dari,o,aquarius,puppis,uranus,dance,gallimimus
jc1389,jj,clapham,m,february 8 1992,hungarian,b,scorpio,corvus,jupiter,sports,stegosaurus
ga1140,gracielynn,acord,f,october 19 1986,tibetic,o,cancer,pegasus,mercury,culture,mosasaurus
ke1476,kaveah,emanuel,f,november 20 1996,urdu,a,virgo,apus,uranus,music,pteranodon
tf1125,taft,faux,m,july 1 1986,nahuatl,b,sagittarius,cygnus,venus,crime_mystery,nasutoceratops
qc1131,quinten,choate,m,november 10 1985,latin,a,gemini,aquila,earth,travel,microceratus
sg1490,sugey,garciasanchez,f,november 28 1993,sindhi,b,aquarius,tucana,saturn,action,qianzhousaurus
bh1197,batsheva,hipple,f,september 10 1989,tamil,ab,libra,telescopium,earth,film_noir,dimorphodon
hw1685,haruki,weinreich,m,september 7 1992,basque,b,cancer,pyxis,uranus,costume_period,velociraptor
va1127,vamika,andrada,f,december 12 1999,hausa,a,scorpio,octans,uranus,beauty,suchomimus
mb1301,mayley,burnette,f,june 30 1990,tibetic,b,scorpio,lepus,earth,dance,gallimimus
nl1772,nafis,lauver,m,april 8 1988,uzbek,o,aries,equuleus,neptune,variety_show,dimorphodon
dd1613,darrius,dubon,m,june 6 1985,malayalam,ab,cancer,pavo,venus,historical,ankylosaurus
sv1458,samyak,vallin,m,june 27 1990,gikuyu,o,capricorn,equuleus,venus,comedy,apatosaurus
ak1107,angeles,kuchta,f,november 19 1991,spanish,ab,virgo,andromeda,saturn,comedy,carnotaurus
al1435,aeyla,lincoln,f,october 22 1989,latvian,b,leo,hydrus,mars,reality,gallimimus
qt1433,quade,trantham,m,april 2 1995,guarani,a,virgo,sculptor,mercury,sports,dryosaurus
mc1319,marico,credeur,m,april 17 1990,yiddish,o,scorpio,mensa,saturn,webdrama,dryosaurus
rp1142,rownan,pfund,m,april 30 1997,armenian,o,aries,camelopardalis,mars,film_noir,edmontosaurus
bs1613,berlin,stoops,f,january 18 1987,punjabi,ab,scorpio,perseus,jupiter,independent,baryonyx
ts1160,tanner,shavers,m,july 7 1989,russian,ab,gemini,cassiopeia,mercury,webdrama,carnotaurus
bj1061,breyden,jang,m,april 2 1989,scottish_gaelic,b,taurus,ursa,neptune,cartoons,dimorphodon
rm1524,rukia,mcgreevy,f,april 2 1998,zapotec,ab,aquarius,crater,saturn,action,microceratus
jm1018,jayah,moody,f,november 1 1996,armenian,a,libra,cepheus,jupiter,fantasy,gallimimus
mw1939,melanee,whitaker,f,may 16 1996,bashkort,a,capricorn,capricornus,venus,costume_period,edmontosaurus
mb1364,matej,bhattacharya,m,april 9 1992,italian,a,scorpio,hydrus,pluto,travel,triceratops
nm1229,norabelle,mcgarr,f,november 27 1988,russian,a,pisces,chamaeleon,uranus,costume_period,nasutoceratops
td1339,talayah,darin,f,july 19 1999,cherokee,o,libra,lupus,earth,short_films,edmontosaurus
lb1215,lennyx,benitez,f,may 9 1996,hawaiian,b,gemini,puppis,uranus,family_friendly,ankylosaurus
rb1983,rudra,bibian,f,november 11 1999,kazakh,o,leo,triangulum,jupiter,melodrama,carnotaurus
dp1314,delaynee,philippe,f,june 5 1998,urdu,a,gemini,sagitta,saturn,variety_show,pteranodon
ls1830,lynkon,shehadeh,m,september 12 1986,bislama,ab,virgo,hydrus,neptune,action,nasutoceratops
bk1769,belkis,kenneally,f,october 27 1987,oriya,b,scorpio,monoceros,venus,cooking,microceratus
jm1637,jamarri,magat,m,february 22 1993,italian,o,gemini,mensa,mercury,romance,pteranodon
eh1238,emanda,hudman,f,may 12 1994,khoekhoe,a,aquarius,mensa,venus,documentary,stegosaurus
zb1599,zayn,bottom,m,june 4 1997,aymara,o,leo,caelum,saturn,short_films,apatosaurus
rm1487,rakeb,moloney,f,october 14 1999,tok_pisin,ab,aquarius,canis,neptune,variety_show,suchomimus
wl1360,whitney,luper,f,october 24 1988,burmese,o,sagittarius,cygnus,venus,entertainment,apatosaurus
jc1208,jaccob,cowdrey,m,october 16 1985,dholuo,o,gemini,auriga,uranus,costume_period,gallimimus
ks1428,kaior,sinclair,f,july 30 1988,azerbaijani,o,cancer,aquila,earth,independent,tyrannosaurus_rex
vb1410,valen,becerril,f,february 1 1997,yucatec,ab,scorpio,camelopardalis,saturn,variety_show,carnotaurus
cn1690,cayla,nevill,f,april 24 1997,guarani,b,libra,musca,neptune,costume_period,tyrannosaurus_rex
rj1180,ramani,jesus,f,april 13 1991,tagalog,b,leo,hercules,saturn,fashion,qianzhousaurus
ks1414,kien,stlawrence,m,october 24 1996,burmese,ab,libra,monoceros,earth,costume_period,tyrannosaurus_rex
ef1482,ej,flook,m,march 18 1994,brahui,o,sagittarius,serpens,mars,romantic_comedy,dryosaurus
ks1738,kamdynn,shideler,m,april 4 1996,persian,o,pisces,sculptor,uranus,reality,microceratus
rr1440,rollin,raso,m,december 11 1997,yucatec,a,leo,capricornus,mars,travel,dimorphodon
ls1639,lejend,schuyler,m,december 3 1996,bulgarian,a,libra,indus,earth,historical,brachiosaurus
bw1199,bradlie,wulf,f,april 27 1998,samoan,b,taurus,telescopium,mercury,war,gallimimus
hb1359,harmonei,bannerman,f,may 27 1991,amharic,o,taurus,ursa,pluto,film_noir,indominus_rex
ec1252,elmira,cochrane,f,june 1 1985,shona,ab,libra,cygnus,saturn,horror,mosasaurus
sb1641,starlight,bene,f,may 13 1997,armenian,a,scorpio,leo_minor,venus,travel,edmontosaurus
td1689,tamarion,dostal,m,august 15 1992,navajo,b,capricorn,musca,earth,variety_show,qianzhousaurus
ks1721,kellen,sirois,m,june 22 1987,rwanda,o,scorpio,sextans,mars,film_noir,tyrannosaurus_rex
fb1205,forbes,blunt,m,march 23 1991,hawaiian,a,gemini,pyxis,neptune,idol,pteranodon
rr1668,rosina,reineke,f,december 11 1994,dari,a,cancer,puppis,earth,thriller_suspense,baryonyx
ae1875,ansen,eze,m,may 20 1997,malagasy,b,gemini,pyxis,neptune,romantic_comedy,suchomimus
em1457,edgard,mitcham,m,august 24 1985,afrikaans,ab,aquarius,ursa,uranus,historical,brachiosaurus
kb1591,krishiv,bevard,m,september 10 1985,latin,a,aquarius,hercules,mercury,short_films,stegosaurus
gm1267,gor,magda,m,june 7 1993,tachelhit,b,scorpio,lynx,mercury,entertainment,qianzhousaurus
rz1831,ritchie,zerr,m,january 26 1989,hindi,ab,libra,ursa,jupiter,biography,nasutoceratops
cc1561,cristhian,cyprian,m,july 6 1993,danish,a,aries,centaurus,pluto,drama,edmontosaurus
cv1895,calina,villasenor,f,august 18 1987,lingala,ab,sagittarius,dorado,earth,telenovelas,dryosaurus
jk1541,jadaya,kierstead,f,march 24 1991,irish_gaelic,a,aries,phoenix,pluto,cartoons,velociraptor
pn1075,paulino,nappi,m,january 1 1986,tok_pisin,ab,gemini,antlia,uranus,fantasy,ankylosaurus
ky1806,kenza,yim,f,january 21 1987,catalan,o,capricorn,lynx,jupiter,film_noir,stegosaurus
yd1946,yonason,dunkelberger,m,april 12 1997,kabyle,b,virgo,puppis,neptune,fantasy,pteranodon
cz1929,chazz,zobrist,m,august 11 1989,ukrainian,o,virgo,cygnus,earth,biography,kentrosaurus
yc1711,yalexi,crase,f,april 13 1991,gujarati,a,taurus,mensa,venus,anime,microceratus
jh1360,jaylaa,hamidi,f,june 20 1986,jarai,a,capricorn,cetus,mercury,beauty,indominus_rex
cd1482,cecilia,ditch,f,may 19 1998,icelandic,o,aries,scutum,saturn,costume_period,baryonyx
ro1420,riverlin,okelley,f,september 21 1998,inuit,a,gemini,orion,mars,political,triceratops
ab1809,azarion,brizendine,m,september 27 1990,dutch,o,pisces,hydrus,saturn,war,baryonyx
dc1653,desiah,chain,m,november 23 1991,sinhala,ab,sagittarius,corvus,venus,fantasy,carnotaurus
ab1021,anmar,boney,m,november 30 1989,bhojpuri,ab,capricorn,pictor,venus,documentary,carnotaurus
nd1677,nyomi,dougherty,f,december 20 1993,greek,ab,libra,andromeda,jupiter,thriller_suspense,dimorphodon
pp1673,payslee,postma,f,november 20 1986,warlpiri,a,taurus,cygnus,mercury,variety_show,pteranodon
ia1936,israel,ackley,f,august 25 1990,inuit,o,leo,microscopium,neptune,drama,tyrannosaurus_rex
rm1422,rileyann,mccanna,f,november 24 1989,hindi,a,aquarius,eridanus,jupiter,variety_show,baryonyx
tn1667,taye,nemeth,m,september 13 1988,tok_pisin,o,capricorn,antlia,uranus,comedy,apatosaurus
ap1055,anvay,pursel,m,august 8 1999,sinhala,a,cancer,carina,mars,independent,kentrosaurus
ab1921,ailanni,beeson,f,december 9 1994,chechen,a,capricorn,serpens,neptune,drama,qianzhousaurus
jd1715,joyce,dela,m,july 18 1994,hausa,ab,virgo,scutum,pluto,adventure,suchomimus
ak1491,aris,kelchner,f,june 15 1989,wolof,ab,gemini,norma,uranus,war,brachiosaurus
mo1837,marissa,ocegueda,f,february 14 1994,korean,a,capricorn,lepus,jupiter,variety,carnotaurus
yh999,yeiren,hartfield,m,june 8 1993,bislama,b,pisces,pyxis,mercury,adventure,qianzhousaurus
gm1379,genaro,mech,m,september 3 1989,hausa,ab,cancer,apus,venus,entertainment,stegosaurus
dw1433,daley,wuest,f,february 22 1992,german,o,gemini,scutum,saturn,lifestyle,qianzhousaurus
rc1990,rehan,covelli,m,february 12 1997,wolof,a,capricorn,scorpius,saturn,crime_mystery,suchomimus
jb1207,jemia,bendele,f,june 5 1985,kannada,b,virgo,cygnus,neptune,historical,brachiosaurus
yb1376,yuvia,beamer,f,february 24 1995,zapotec,o,capricorn,piscis_austrinus,pluto,war,mosasaurus
gh1412,genuine,haque,m,october 28 1990,warlpiri,ab,scorpio,antlia,venus,dance,brachiosaurus
km1011,kori,manring,f,april 6 1996,portuguese,a,gemini,norma,jupiter,webdrama,edmontosaurus
nc1863,nicholi,coulter,m,october 17 1996,welsh,b,gemini,ursa,uranus,cooking,ankylosaurus
al1451,azias,lamoreaux,m,june 20 1985,sinhala,o,aquarius,cepheus,pluto,variety_show,suchomimus
cs1689,cal,swanner,m,october 17 1998,gujarati,a,gemini,grus,pluto,action,tyrannosaurus_rex
tb1669,travon,brighton,m,october 14 1988,sinhala,b,cancer,centaurus,uranus,sports,triceratops
yp1728,yasmin,poindexter,f,july 22 1996,romani,ab,virgo,hercules,saturn,cooking,gallimimus
qh1510,quincy,hylton,f,january 21 1989,macedonian,a,gemini,corona,neptune,romance,brachiosaurus
zb1730,zea,brodersen,f,may 21 1986,english,o,cancer,capricornus,mercury,family_friendly,dryosaurus
af1099,anayiah,fasnacht,f,may 14 1997,slovene,a,aries,capricornus,jupiter,family_friendly,ankylosaurus
ms1477,maylyn,serrao,f,december 21 1999,afrikaans,o,aries,horologium,pluto,drama,apatosaurus
bd1161,bexlynn,dicken,f,may 12 1992,yoruba,ab,sagittarius,corona,uranus,telenovelas,suchomimus
ab1926,ariyanna,borromeo,f,december 7 1997,cantonese,a,aries,octans,earth,classics,tyrannosaurus_rex
ea1164,emeri,ashwood,f,september 17 1997,tajiki,ab,taurus,andromeda,venus,classics,gallimimus
lc1383,lamarr,cooks,m,october 12 1996,kashmiri,ab,leo,lupus,mars,crime_mystery,spinosaurus
lb1071,laylaa,bloom,f,december 13 1985,ukrainian,o,libra,serpens,neptune,cooking,apatosaurus
sm1188,shelsy,mathes,f,february 22 1998,uzbek,ab,scorpio,musca,venus,lifestyle,brachiosaurus
kh1840,kharli,hestand,f,december 23 1985,wolof,ab,scorpio,lepus,neptune,dance,pteranodon
bk1218,berlin,killpack,m,june 11 1999,portuguese,a,libra,leo_minor,venus,costume_period,velociraptor
ka1128,kamariana,altomare,f,april 11 1991,chechen,b,scorpio,hercules,earth,anime,nasutoceratops
mh1932,milarose,hanson,f,june 7 1985,mandarin,b,aquarius,vulpecula,jupiter,cartoons,baryonyx
dl1130,dillinger,lallier,m,march 4 1990,nepali,a,capricorn,dorado,neptune,crime_mystery,stegosaurus
am1061,adiel,marcell,m,august 15 1998,nahuatl,b,libra,hercules,pluto,independent,velociraptor
jm1618,jayceon,mclarty,m,february 1 1992,malagasy,a,virgo,sagitta,uranus,historical,kentrosaurus
cg1685,cristiana,gidney,f,august 9 1986,afrikaans,a,scorpio,corona,uranus,sci_fi,indominus_rex
av1495,avian,virgo,f,october 20 1995,dholuo,o,virgo,crux,earth,supernatural,velociraptor
ap1211,ashyla,passey,f,august 21 1992,irish_gaelic,ab,leo,corvus,mercury,film_noir,ankylosaurus
dk1711,dayton,kimbell,f,november 13 1995,shona,a,gemini,ophiuchus,pluto,rock,suchomimus
zk1802,zen,kerfoot,f,june 3 1987,yucatec,o,leo,delphinus,neptune,lifestyle,dimorphodon
kd1729,kelsee,delariva,f,august 3 1986,burmese,ab,sagittarius,perseus,pluto,film_noir,tyrannosaurus_rex
io1560,inanna,osuna,f,march 14 1986,warlpiri,b,pisces,fornax,earth,beauty,brachiosaurus
kb1866,kashdon,breithaupt,m,june 24 1997,kabyle,a,scorpio,grus,neptune,biography,qianzhousaurus
af1616,avalon,funkhouser,f,october 26 1995,danish,ab,leo,canes_venatici,neptune,supernatural,mosasaurus
mk1480,marcelus,kitt,m,september 9 1994,german,a,aquarius,canis,neptune,documentary,nasutoceratops
ak1837,abhi,kasey,m,july 7 1987,khoekhoe,b,virgo,hercules,mars,beauty,indominus_rex
to1224,tyler,ohlsen,f,march 27 1996,dholuo,a,gemini,aquila,mars,variety_show,dryosaurus
db1424,donia,belue,f,january 6 1993,danish,b,aquarius,aquila,jupiter,beauty,apatosaurus
sc1159,srihaan,cedano,m,january 25 1994,japanese,ab,libra,canes_venatici,uranus,crime_mystery,qianzhousaurus
km1932,khamiya,mette,f,april 14 1987,slovak,ab,gemini,corona,venus,adventure,qianzhousaurus
kb1006,kolten,borger,m,march 15 1999,finnish,b,capricorn,canes_venatici,saturn,dance,velociraptor
dr1521,dilan,rimer,m,august 24 1994,punjabi,ab,scorpio,ursa,earth,comedy,dryosaurus
ta1188,true,ammon,m,october 19 1985,sindhi,b,pisces,phoenix,mars,travel,microceratus
ap1184,afia,plourde,f,june 20 1999,ilocano,a,capricorn,circinus,mars,telenovelas,indominus_rex
am1715,athena,madson,f,october 8 1997,lingala,a,sagittarius,vulpecula,mars,family_friendly,carnotaurus
el1228,esmerelda,langhorne,f,october 6 1987,serbian,a,sagittarius,auriga,pluto,war,pteranodon
dd1782,danny,dolly,f,march 2 1995,malay,a,cancer,lepus,jupiter,adventure,tyrannosaurus_rex
hk1656,halen,kuyper,f,july 23 1990,yiddish,b,aries,perseus,saturn,action,stegosaurus
ak1593,acelyn,kautz,f,may 9 1997,gikuyu,ab,sagittarius,corona,mercury,sports,mosasaurus
bp1405,brinda,patti,f,november 3 1986,lao,ab,scorpio,cetus,neptune,historical,velociraptor
lj1714,lana,jantz,f,february 29 1991,turkish,a,taurus,reticulum,uranus,costume_period,spinosaurus
eb1072,ezreal,blatchford,m,october 24 1997,yucatec,ab,aquarius,tucana,jupiter,documentary,qianzhousaurus
km1562,kinleigh,maley,f,may 16 1998,haitian_creole,a,sagittarius,tucana,mercury,travel,stegosaurus
oc1438,orville,crissman,m,october 1 1994,bhojpuri,ab,taurus,chamaeleon,uranus,war,microceratus
nf1817,nneka,fury,f,may 29 1990,somali,ab,cancer,eridanus,earth,sports,brachiosaurus
rs1765,rune,springston,m,april 29 1997,ukrainian,ab,scorpio,vulpecula,saturn,romance,spinosaurus
ar1166,aveera,ranson,f,august 23 1998,norwegian,o,scorpio,indus,mars,rock,mosasaurus
mb1751,mikaeel,boeck,m,september 12 1986,tigrigna,b,virgo,corona,earth,comedy,dryosaurus
js1243,jadesola,saucedo,f,july 16 1993,bengali,b,libra,aquila,saturn,thriller_suspense,apatosaurus
sr1787,sailas,rought,m,august 3 1991,gujarati,o,virgo,indus,mars,lifestyle,pteranodon
cd1149,cilas,dovel,m,july 14 1993,navajo,a,pisces,aquila,venus,family_friendly,nasutoceratops
av1538,aviendha,verrier,f,november 9 1990,yakut,ab,cancer,volans,mercury,entertainment,suchomimus
sm1701,saphyra,michie,f,march 2 1987,turkmen,o,pisces,sculptor,pluto,lifestyle,spinosaurus
gm1107,gennaro,magnotta,m,may 18 1997,polish,o,cancer,hydra,saturn,anime,suchomimus
st1468,sammie,toussaint,m,may 23 1994,latvian,o,aries,caelum,mercury,romantic_comedy,stegosaurus
ad1111,alpha,dyal,f,january 19 1989,hungarian,b,aries,crater,earth,music,tyrannosaurus_rex
mm1842,mayson,mccarrick,f,september 27 1990,italian,a,cancer,lyra,pluto,idol,mosasaurus
ne1224,nicodemus,ebersole,m,november 9 1987,croatian,b,gemini,perseus,mars,drama,kentrosaurus
lb1694,lior,bunting,m,october 9 1991,english,a,aquarius,perseus,pluto,romantic_comedy,dimorphodon
ld1441,lihan,dicker,m,april 5 1994,vietnamese,b,capricorn,pyxis,venus,adventure,kentrosaurus
cr1269,cian,redner,m,december 18 1989,mende,o,scorpio,hydra,venus,political,spinosaurus
al1574,amri,lowther,f,november 9 1988,armenian,o,aquarius,sculptor,jupiter,rock,triceratops
yk1521,yadriel,knaggs,m,september 9 1998,telugu,o,taurus,cassiopeia,saturn,romance,apatosaurus
kt1230,kacy,twilley,f,february 28 1992,tagalog,o,virgo,scorpius,earth,family_friendly,kentrosaurus
yk1741,yosan,kirksey,f,october 24 1990,yucatec,o,gemini,tucana,pluto,anime,triceratops
jm1818,jameis,mcginty,m,december 4 1998,hebrew,b,scorpio,leo_minor,neptune,rock,indominus_rex
ba1155,beauman,aubrey,m,august 25 1988,welsh,b,virgo,lacerta,jupiter,travel,pteranodon
ef1241,everhett,frawley,m,january 27 1986,bengali,o,virgo,capricornus,uranus,cartoons,ankylosaurus
cp1741,caelynn,prall,f,october 9 1993,icelandic,ab,virgo,carina,uranus,war,tyrannosaurus_rex
rc1495,roen,casiano,m,february 28 1994,belarusan,b,taurus,lyra,jupiter,thriller_suspense,nasutoceratops
ys1650,yohance,sutera,m,june 21 1988,yiddish,a,libra,cygnus,earth,costume_period,pteranodon
rl1189,raynee,louviere,f,february 1 1991,warlpiri,ab,gemini,phoenix,neptune,action,gallimimus
zc1361,zykeem,ciaccio,m,april 25 1985,arabic,a,cancer,sculptor,venus,film_noir,carnotaurus
hw1813,hinson,wronski,m,september 3 1997,croatian,ab,cancer,coma_berenices,neptune,beauty,tyrannosaurus_rex
tv1216,talita,veldman,f,february 4 1989,tachelhit,ab,virgo,pyxis,earth,beauty,tyrannosaurus_rex
mr1395,mina,rivet,f,june 11 1988,wolof,b,gemini,crux,pluto,idol,tyrannosaurus_rex
ja1144,jsan,aitken,m,september 26 1995,rwanda,ab,virgo,grus,mercury,fantasy,nasutoceratops
fk1079,floki,kost,m,april 16 1996,malayalam,ab,sagittarius,pyxis,mars,short_films,mosasaurus
gh1299,gloria,herendeen,f,january 6 1989,cantonese,a,sagittarius,indus,neptune,romance,edmontosaurus
lt1512,lewis,thrall,m,september 29 1993,ukrainian,a,scorpio,vulpecula,earth,short_films,pteranodon
al1258,ashon,lacrosse,m,january 2 1988,bislama,b,gemini,sextans,pluto,crime_mystery,dimorphodon
cs1132,caralynn,sproull,f,february 10 1996,greek,o,virgo,hercules,venus,supernatural,mosasaurus
jm1444,jamiyla,marder,f,january 18 1996,estonian,a,scorpio,sagitta,neptune,webdrama,baryonyx
rm1067,rozlyn,mccollum,f,october 21 1999,yakut,a,taurus,eridanus,pluto,cartoons,gallimimus
al1238,aisha,leist,f,august 11 1995,afrikaans,b,taurus,ara,jupiter,film_noir,stegosaurus
cl1303,carmen,leight,f,february 17 1991,dakota,a,aries,chamaeleon,jupiter,short_films,dimorphodon
tr1832,taraji,rommel,f,july 14 1990,tatar,ab,pisces,vulpecula,venus,short_films,baryonyx
rm1024,randall,melius,m,february 28 1992,jarai,a,cancer,norma,neptune,biography,suchomimus
ar1675,amrie,roles,f,may 29 1999,ojibwa,b,pisces,volans,pluto,cooking,stegosaurus
zn1493,zalia,nakajima,f,october 21 1995,slovene,b,aries,phoenix,pluto,cartoons,pteranodon
am1564,aziah,mcchristian,m,december 23 1989,belarusan,o,pisces,chamaeleon,saturn,culture,brachiosaurus
cr1187,charlotte,rehak,f,july 23 1997,dakota,b,aquarius,centaurus,venus,historical,edmontosaurus
jm1858,joye,matti,f,september 5 1991,kannada,b,libra,monoceros,uranus,sports,mosasaurus
er1018,ebrima,rogan,m,june 7 1999,aymara,b,cancer,triangulum,mars,biography,microceratus
ec1511,elly,cespedes,f,february 23 1985,basque,o,aquarius,pyxis,earth,sci_fi,edmontosaurus
ng1843,nils,gowin,m,march 21 1998,hawaiian,ab,pisces,grus,venus,cartoons,indominus_rex
ak1099,aanvi,kothari,f,june 11 1990,french,ab,aquarius,perseus,earth,historical,mosasaurus
ne1379,nian,eastland,m,november 8 1997,rwanda,b,libra,sagitta,saturn,reality,qianzhousaurus
zk1497,zyanya,kiss,f,may 7 1998,greek,o,aries,fornax,earth,idol,brachiosaurus
dw1725,dallie,worcester,f,october 11 1995,lingala,ab,scorpio,musca,venus,film_noir,velociraptor
rm1788,rhaegar,morataya,m,may 2 1988,tagalog,o,virgo,puppis,mars,fantasy,nasutoceratops
ka1423,keiona,allmon,f,august 17 1987,tigrigna,ab,scorpio,crux,uranus,romance,ankylosaurus
nw1488,nataniel,wilmer,m,january 15 1992,french,b,leo,aquila,venus,costume_period,indominus_rex
as1495,ally,salvo,f,august 22 1997,croatian,ab,capricorn,monoceros,mercury,costume_period,indominus_rex
zb1681,zylin,blanton,m,june 13 1986,kannada,b,taurus,lyra,earth,music,mosasaurus
ma1921,michalina,amsler,f,july 13 1989,mende,b,taurus,columba,neptune,biography,suchomimus
jm1560,jenavee,madej,f,may 19 1990,warlpiri,b,sagittarius,puppis,neptune,music,baryonyx
jm1922,justice,mcphatter,m,september 6 1989,spanish,a,taurus,auriga,neptune,fashion,carnotaurus
hm1823,humairah,mizuno,f,november 4 1993,scottish_gaelic,b,pisces,puppis,saturn,variety_show,microceratus
aw1145,adhya,wilks,f,september 4 1988,italian,a,capricorn,lupus,pluto,dance,dryosaurus
ab1062,amreen,belvin,f,february 4 1993,polish,ab,sagittarius,ophiuchus,saturn,thriller_suspense,apatosaurus
cv1476,chrystal,vanfleet,f,september 23 1992,welsh,ab,pisces,norma,venus,beauty,edmontosaurus
kc1041,kylan,carling,m,october 29 1995,guarani,o,aquarius,lupus,jupiter,variety,indominus_rex
ag1234,april,gille,f,july 20 1987,danish,a,virgo,eridanus,uranus,adventure,triceratops
tb1163,tonya,bascom,f,february 7 1990,nepali,b,libra,puppis,earth,rock,pteranodon
mf1523,mateus,frieden,m,december 10 1994,tatar,o,aquarius,corona,venus,adventure,qianzhousaurus
cw1988,cas,wolters,m,november 28 1992,brahui,b,virgo,camelopardalis,pluto,romantic_comedy,indominus_rex
ns1742,najib,suh,m,january 24 1995,hiligaynon,b,gemini,corvus,earth,supernatural,triceratops
dl1594,delicia,lachance,f,november 3 1989,dutch,ab,libra,triangulum,mars,documentary,tyrannosaurus_rex
hm1122,henrik,mailloux,m,may 27 1988,balochi,b,sagittarius,scutum,earth,independent,spinosaurus
sf1766,sarvesh,franceschini,m,april 5 1996,czech,o,aquarius,leo_minor,jupiter,romantic_comedy,mosasaurus
hw1289,huxley,wiggers,f,april 8 1986,punjabi,b,taurus,hercules,venus,historical,triceratops
cj1747,carrigan,jex,f,april 26 1990,bashkort,a,libra,corona,neptune,anime,suchomimus
ck1126,cecylia,kreuzer,f,december 8 1992,bengali,a,aquarius,scutum,venus,lifestyle,dimorphodon
ef1209,enock,feddersen,m,april 8 1990,tagalog,ab,cancer,capricornus,neptune,costume_period,mosasaurus
cb1930,chrissa,beardslee,f,july 27 1997,bengali,ab,libra,apus,venus,anime,dryosaurus
mg1441,mariangela,goh,f,may 5 1988,malayalam,a,gemini,antlia,mercury,lifestyle,nasutoceratops
zd1856,zephaniah,diazdeleon,m,july 3 1993,tagalog,b,libra,andromeda,pluto,variety,tyrannosaurus_rex
km1089,khadim,miesner,m,july 29 1996,kannada,a,gemini,coma_berenices,saturn,short_films,brachiosaurus
ra1879,revy,acker,f,april 5 1995,tatar,a,aquarius,indus,pluto,reality,carnotaurus
eg1522,eeshan,glasco,m,november 4 1995,telugu,a,pisces,pavo,venus,reality,pteranodon
jb1200,jamylah,basford,f,february 21 1989,sinhala,b,libra,scutum,mars,fashion,brachiosaurus
ah1117,aristide,harlan,m,june 28 1991,xhosa,b,capricorn,cygnus,saturn,sports,nasutoceratops
ah1194,axen,horta,m,may 23 1996,belarusan,b,virgo,gemini,mars,travel,apatosaurus
cp1879,cove,petti,m,february 12 1994,ojibwa,a,gemini,vulpecula,saturn,sports,edmontosaurus
kb1666,kaleea,berkley,f,august 4 1994,yoruba,a,libra,lepus,pluto,sports,indominus_rex
sb1456,sanford,brathwaite,m,april 22 1993,armenian,ab,gemini,corvus,pluto,melodrama,kentrosaurus
sb1964,sylo,boutin,m,april 19 1985,brahui,a,taurus,equuleus,earth,music,suchomimus
mb1744,memphys,beck,m,april 21 1988,burmese,a,capricorn,perseus,mercury,sci_fi,brachiosaurus
ik1826,imanie,kort,f,december 4 1995,kashmiri,ab,libra,columba,venus,historical,brachiosaurus
tg1213,trinidad,graybeal,m,november 14 1995,tagalog,ab,capricorn,fornax,uranus,culture,nasutoceratops
gp1789,grettell,paczkowski,f,august 11 1995,slovene,a,gemini,puppis,neptune,variety,pteranodon
jl1859,joseph,ludeman,m,august 3 1996,yucatec,a,sagittarius,ophiuchus,mars,biography,nasutoceratops
ag1816,aletha,goodwill,f,january 19 1989,gujarati,a,leo,hydra,venus,variety_show,microceratus
km1600,kylynn,mclellan,m,february 6 1991,esperanto,o,sagittarius,columba,uranus,entertainment,velociraptor
ef1664,elioth,fabian,m,september 17 1990,croatian,b,aquarius,canes_venatici,pluto,fashion,spinosaurus
mr1841,martez,rison,m,october 29 1986,persian,b,libra,lepus,venus,comedy,dimorphodon
cr1197,chen,rohling,m,january 15 1992,swahili,a,sagittarius,canis,saturn,anime,edmontosaurus
aa1022,alayha,aron,f,september 8 1989,tamil,ab,pisces,canis,mercury,beauty,microceratus
os1113,olaoluwa,salerno,m,june 6 1989,tagalog,ab,gemini,pavo,jupiter,supernatural,ankylosaurus
js1554,jaclyn,sweat,f,september 27 1987,vietnamese,ab,aquarius,monoceros,uranus,lifestyle,ankylosaurus
xs1469,xyra,stonebraker,f,april 2 1990,quechua,a,virgo,lynx,mars,horror,pteranodon
kc1867,kraven,corrente,m,may 12 1987,slovene,b,scorpio,lacerta,saturn,romance,dryosaurus
lk1607,laurie,kareem,f,july 7 1986,esperanto,o,libra,circinus,jupiter,comedy,triceratops
aa1767,andrea,aros,m,april 26 1987,irish_gaelic,b,pisces,volans,uranus,sports,tyrannosaurus_rex
sb1462,solanna,bradham,f,july 24 1996,hebrew,ab,capricorn,apus,uranus,drama,indominus_rex
dp1467,daphne,pyle,f,april 21 1997,maithili,b,capricorn,eridanus,earth,romantic_comedy,spinosaurus
zm1647,zaiah,meaux,m,november 13 1987,lithuanian,ab,sagittarius,eridanus,earth,short_films,brachiosaurus
jm1036,jahkor,meeks,m,march 13 1996,kabyle,a,sagittarius,cassiopeia,mercury,fantasy,kentrosaurus
cm1770,cyncere,mctighe,f,february 8 1998,mende,o,gemini,phoenix,jupiter,cooking,microceratus
eh1079,escarlett,henslee,f,may 13 1990,navajo,o,aries,canis,neptune,cooking,suchomimus
zh1153,zain,hiraldo,f,july 25 1990,zapotec,a,virgo,scutum,uranus,war,stegosaurus
wm1189,weylyn,millar,m,march 9 1985,scottish_gaelic,a,aries,grus,saturn,idol,dimorphodon
mm1880,madisen,mallozzi,f,october 22 1999,punjabi,o,libra,hydra,neptune,romance,ankylosaurus
ak1393,anas,kostelnik,m,april 9 1993,finnish,a,taurus,lacerta,jupiter,sci_fi,stegosaurus
ds1895,dalayiah,spangenberg,f,august 14 1985,azerbaijani,ab,aries,canes_venatici,saturn,costume_period,qianzhousaurus
aa1439,alaysa,acampora,f,september 15 1995,irish_gaelic,ab,aries,draco,venus,webdrama,stegosaurus
gc1239,garrett,carpenter,m,april 16 1999,turkmen,b,capricorn,sagitta,pluto,reality,spinosaurus
nm1135,nayali,mottola,f,july 12 1991,german,ab,virgo,fornax,neptune,romantic_comedy,brachiosaurus
ty1854,trianna,yambao,f,march 26 1997,sindhi,o,cancer,fornax,mercury,reality,pteranodon
bh1376,brealyn,heinle,f,april 9 1989,slovak,a,aries,cassiopeia,earth,horror,edmontosaurus
dg1833,dulcemaria,gryder,f,december 19 1987,gikuyu,b,gemini,fornax,saturn,variety_show,pteranodon
na1825,nachum,akopyan,m,september 19 1995,german,b,taurus,aquila,saturn,culture,nasutoceratops
lt1920,levanna,toma,f,september 4 1998,burmese,o,sagittarius,carina,neptune,biography,tyrannosaurus_rex
ah1847,ameris,hudak,f,february 7 1995,romanian,b,aries,caelum,neptune,melodrama,velociraptor
me1034,mostafa,earnhardt,m,july 28 1994,igbo,a,aquarius,orion,earth,thriller_suspense,baryonyx
lc1105,lucielle,colombo,f,march 28 1988,latvian,b,cancer,crux,jupiter,political,dimorphodon
ms1171,malichai,staker,m,march 17 1985,malayalam,b,taurus,pegasus,uranus,telenovelas,dryosaurus
mc1471,maniyah,cochran,f,july 3 1985,esperanto,o,leo,coma_berenices,saturn,sports,brachiosaurus
je1678,jolisa,egolf,f,july 27 1996,ojibwa,b,cancer,norma,mercury,sci_fi,baryonyx
mb1229,madalyn,bruner,f,november 24 1992,tamil,ab,aries,hercules,uranus,short_films,kentrosaurus
zn1952,zahair,nethery,m,september 18 1996,bhojpuri,ab,taurus,draco,jupiter,action,stegosaurus
jc1376,jamill,cybulski,m,march 15 1995,swedish,ab,gemini,pegasus,mercury,fantasy,brachiosaurus
el1983,elijio,langford,m,january 7 1991,lao,a,aries,circinus,neptune,family_friendly,spinosaurus
bg1804,bill,gladson,m,september 30 1994,quechua,b,aquarius,sagitta,pluto,biography,mosasaurus
cg1829,colbie,goe,m,october 9 1999,maithili,ab,libra,scutum,neptune,sports,qianzhousaurus
jh1471,jahmai,harries,m,july 6 1991,japanese,ab,scorpio,delphinus,earth,melodrama,suchomimus
bc1792,belky,cantley,f,june 5 1993,swahili,o,aries,piscis_austrinus,jupiter,idol,triceratops
mf1616,mariam,friess,f,november 4 1988,armenian,b,scorpio,norma,neptune,costume_period,nasutoceratops
ns1976,noelly,sardo,f,june 27 1998,mandarin,b,aries,mensa,uranus,rock,velociraptor
sh1994,salia,hille,f,september 28 1993,tigrigna,o,capricorn,crux,mars,cartoons,indominus_rex
ms1388,mattie,shenoy,f,november 26 1995,inuit,o,capricorn,hydrus,uranus,cartoons,qianzhousaurus
fp1229,fatimata,pang,f,november 1 1990,tigrigna,ab,aquarius,lyra,earth,anime,microceratus
bh1129,bailey,hollister,f,february 24 1991,kabyle,b,pisces,pegasus,neptune,melodrama,apatosaurus
ds1608,denym,shogren,f,may 9 1997,uyghur,ab,virgo,draco,saturn,travel,brachiosaurus
mw1006,mac,wiesner,m,february 26 1987,tatar,b,taurus,capricornus,mercury,fantasy,baryonyx
as1643,advait,sutera,m,july 23 1999,oriya,ab,gemini,crux,jupiter,short_films,stegosaurus
bp1304,bodie,panek,m,september 12 1999,marathi,a,virgo,pegasus,mercury,biography,nasutoceratops
ke1061,kortez,eatmon,m,june 25 1992,latin,b,scorpio,telescopium,earth,variety_show,ankylosaurus
ks1217,kinlee,seyler,f,june 5 1999,serbian,a,aquarius,columba,uranus,adventure,microceratus
en1169,eabha,neaves,f,april 20 1986,tajiki,a,capricorn,vela,uranus,rock,stegosaurus
ar1086,aleczander,rashad,m,december 24 1998,japanese,b,sagittarius,crux,uranus,romance,kentrosaurus
dr1207,dharius,rollerson,m,june 11 1990,kabyle,o,taurus,indus,saturn,travel,indominus_rex
mi1992,milaysia,imran,f,january 22 1986,assamese,ab,gemini,sextans,saturn,historical,brachiosaurus
mw1903,makenleigh,worland,f,march 6 1998,english,ab,sagittarius,pegasus,uranus,comedy,dimorphodon
ys1435,yailin,schumann,f,may 20 1991,bulgarian,ab,scorpio,monoceros,uranus,travel,triceratops
mt1680,marylouise,teneyck,f,june 9 1994,afrikaans,ab,leo,mensa,venus,telenovelas,carnotaurus
sc1588,sylah,colina,f,october 15 1985,bengali,o,capricorn,volans,earth,cartoons,suchomimus
sk1553,saphira,kahlon,f,october 20 1992,macedonian,a,aries,gemini,saturn,entertainment,indominus_rex
an1184,anabela,novello,f,june 7 1994,hiligaynon,ab,leo,ara,uranus,drama,pteranodon
aw1317,azalayah,westberg,f,september 11 1996,latvian,b,pisces,lynx,venus,travel,tyrannosaurus_rex
yf1177,yerick,fricks,m,september 25 1991,navajo,a,gemini,crux,neptune,sci_fi,carnotaurus
mo1057,mckade,opfer,m,august 22 1997,basque,o,virgo,aquila,jupiter,costume_period,microceratus
af1612,alyson,fortenberry,f,october 8 1999,icelandic,o,aquarius,coma_berenices,uranus,rock,kentrosaurus
mt1533,mihira,thoms,f,april 1 1987,mandarin,ab,libra,tucana,neptune,romantic_comedy,kentrosaurus
ml1734,meyah,legare,f,january 5 1995,amharic,o,aries,triangulum,neptune,war,spinosaurus
rh1772,rhyon,hu,f,march 13 1993,tok_pisin,a,virgo,pyxis,pluto,beauty,triceratops
sc1741,suhan,copland,m,september 4 1993,tigrigna,ab,aquarius,corvus,saturn,film_noir,gallimimus
ku1262,kamerin,ullrich,m,december 18 1987,kurdish,b,pisces,sculptor,mars,reality,edmontosaurus
ms1770,masaki,scheid,m,october 30 1993,turkmen,b,libra,grus,pluto,comedy,nasutoceratops
mb1571,mayco,buitron,m,august 16 1998,samoan,a,capricorn,ophiuchus,pluto,documentary,spinosaurus
ky1627,khai,yellin,f,september 6 1997,thai,o,aries,lupus,venus,telenovelas,stegosaurus
rs1855,ronny,strege,m,august 28 1996,dari,b,cancer,sagitta,pluto,biography,pteranodon
se1207,shiphrah,ewald,f,february 22 1985,tigrigna,a,aquarius,capricornus,uranus,short_films,nasutoceratops
rm1535,rand,mcglinchey,m,april 12 1990,french,b,cancer,tucana,mars,documentary,pteranodon
cd1586,camille,delong,f,january 2 1999,assamese,b,gemini,hydrus,venus,sci_fi,velociraptor
kb1226,kambry,behling,f,february 26 1990,macedonian,a,leo,crux,neptune,dance,kentrosaurus
ja1199,jeremi,aarons,m,february 19 1986,scottish_gaelic,o,gemini,centaurus,saturn,variety_show,dryosaurus
gg1158,gurfateh,gonser,m,december 3 1986,romanian,ab,taurus,serpens,mars,documentary,ankylosaurus
jj1189,jaida,jette,f,october 21 1992,quechua,b,taurus,crux,neptune,sci_fi,qianzhousaurus
as1962,atiye,spelman,f,december 19 1992,tamil,ab,pisces,mensa,jupiter,fantasy,gallimimus
ej1112,ephram,jarquin,m,november 9 1989,amharic,o,sagittarius,mensa,uranus,music,kentrosaurus
dt1429,diago,troxel,m,may 28 1986,assamese,o,aquarius,triangulum,uranus,cartoons,pteranodon
bh1136,bronx,helmick,f,august 9 1997,sindhi,b,virgo,apus,pluto,romance,mosasaurus
jc1850,julian,coria,f,september 25 1994,polish,a,cancer,hercules,neptune,entertainment,suchomimus
ne1992,nari,eli,f,october 6 1990,khmer,a,leo,orion,pluto,horror,mosasaurus
im1789,isabellah,menke,f,june 28 1992,hindi,ab,virgo,grus,mercury,adventure,gallimimus
jt1483,jarion,tennis,m,november 10 1989,azerbaijani,b,cancer,orion,pluto,adventure,kentrosaurus
nm1971,nayva,merced,f,january 22 1986,brahui,a,aries,gemini,mars,cartoons,ankylosaurus
ks1126,krayson,sherburne,m,december 2 1988,navajo,ab,capricorn,ara,venus,romance,kentrosaurus
es1464,edwar,senese,m,november 30 1999,afrikaans,b,pisces,triangulum,mars,rock,ankylosaurus
as1628,apolinar,svendsen,m,april 8 1997,malagasy,a,pisces,tucana,neptune,classics,baryonyx
er1515,else,ryerson,f,april 24 1991,hiligaynon,a,libra,pavo,earth,anime,suchomimus
el1517,emileo,lobaugh,m,october 1 1985,cebuano,b,leo,horologium,jupiter,travel,baryonyx
ed1865,eliah,devos,f,june 26 1986,welsh,b,taurus,norma,jupiter,anime,apatosaurus
sw1291,stalin,welton,m,january 11 1994,inuit,ab,virgo,crux,jupiter,political,kentrosaurus
rm1911,raelina,morrissey,f,november 21 1991,warlpiri,ab,taurus,microscopium,jupiter,lifestyle,spinosaurus
fc1413,finnly,crabtree,m,february 14 1986,pashto,o,sagittarius,octans,venus,culture,brachiosaurus
ts1014,talani,schiefer,f,february 20 1991,uzbek,a,taurus,telescopium,neptune,action,suchomimus
cj1690,cainan,jelinek,m,may 29 1990,latvian,o,capricorn,cygnus,uranus,action,gallimimus
yc1465,ysela,craun,f,june 10 1990,yoruba,b,taurus,horologium,saturn,drama,pteranodon
de1891,dajohn,estelle,m,july 25 1987,nepali,b,taurus,vela,venus,biography,microceratus
mw1896,meelo,whitcher,m,july 24 1991,kashmiri,o,gemini,fornax,neptune,political,baryonyx
ae1057,afomia,esch,f,april 11 1998,bamanankan,a,virgo,canis,mars,entertainment,dimorphodon
mm1494,muhammed,morales,m,may 21 1991,jarai,o,cancer,mensa,uranus,crime_mystery,apatosaurus
kc1649,kail,chalfant,m,december 9 1997,balochi,o,cancer,ophiuchus,earth,variety,triceratops
yb1852,yarel,bigger,m,december 1 1990,kyrgyz,a,taurus,musca,pluto,classics,pteranodon
yf1017,yelena,freas,f,july 11 1987,uyghur,a,leo,circinus,mercury,action,nasutoceratops
zh1054,zico,hetzler,m,october 24 1993,telugu,b,taurus,caelum,saturn,historical,pteranodon
db1309,delanee,braaten,f,july 22 1998,kazakh,o,libra,auriga,venus,melodrama,suchomimus
dc1544,dalany,cotter,f,november 4 1995,malagasy,b,aries,norma,neptune,sports,mosasaurus
yl1821,yovanny,lueth,m,october 24 1986,bulgarian,b,sagittarius,canes_venatici,uranus,short_films,edmontosaurus
hd1206,hughston,decuir,m,september 28 1986,armenian,o,aries,corvus,jupiter,variety_show,pteranodon
db1008,dylann,bey,f,march 23 1998,arabic,a,leo,leo_minor,venus,entertainment,indominus_rex
am1869,aamaya,mcreynolds,f,march 11 1988,romani,b,aries,centaurus,jupiter,romantic_comedy,qianzhousaurus
rs1625,racyn,scalia,m,june 14 1994,gikuyu,a,aries,cepheus,pluto,reality,stegosaurus
dm1653,dishan,migues,m,july 29 1997,thai,a,leo,auriga,mars,dance,ankylosaurus
mg1929,maven,grice,f,june 4 1995,esperanto,o,gemini,gemini,mercury,war,qianzhousaurus
eg1670,ean,gripp,m,july 29 1988,thai,a,sagittarius,fornax,mars,variety_show,ankylosaurus
mg1368,mythias,godina,m,april 7 1999,azerbaijani,a,leo,ursa,neptune,reality,mosasaurus
kp1727,kolbe,peden,f,august 17 1995,guarani,ab,aries,ursa,neptune,adventure,pteranodon
is1393,insley,shunk,f,july 6 1995,finnish,b,scorpio,phoenix,jupiter,war,mosasaurus
kj1166,kiari,joos,m,september 16 1989,zapotec,ab,scorpio,corvus,uranus,romantic_comedy,edmontosaurus
zm1388,zeruiah,mancillas,f,november 29 1996,wolof,o,libra,carina,neptune,costume_period,suchomimus
lm1092,liyat,mishoe,f,may 8 1997,zapotec,ab,virgo,gemini,mars,supernatural,tyrannosaurus_rex
yb1679,yaritzi,botero,f,september 10 1998,kabyle,ab,aquarius,corona,earth,melodrama,velociraptor
al1770,aasha,littlejohn,f,july 28 1991,slovak,o,pisces,antlia,neptune,sports,mosasaurus
df1058,danell,fouche,m,april 26 1998,serbian,o,leo,octans,venus,romance,qianzhousaurus
zh1480,zafeer,hall,m,february 10 1993,czech,a,virgo,vulpecula,saturn,classics,dryosaurus
cf1300,cohen,fitch,m,june 16 1990,latvian,ab,leo,corvus,mercury,romance,baryonyx
ab1314,amalya,benbow,f,september 13 1991,zulu,a,libra,mensa,neptune,historical,suchomimus
sk1724,sol,kilpatrick,f,july 3 1994,sanskrit,o,cancer,pegasus,mercury,crime_mystery,baryonyx
nk1586,nysa,kuhns,f,february 7 1999,irish_gaelic,b,virgo,lacerta,saturn,war,kentrosaurus
dg1001,dantae,goodreau,m,january 21 1989,romanian,a,scorpio,sagitta,mars,crime_mystery,mosasaurus
zg1931,zakarri,guyer,m,january 12 1987,khoekhoe,b,capricorn,perseus,mars,short_films,dryosaurus
mc1852,mayalynn,cuenca,f,june 1 1999,gujarati,a,capricorn,draco,uranus,documentary,nasutoceratops
jp1888,janaki,perkowski,f,july 12 1993,zapotec,o,scorpio,perseus,uranus,crime_mystery,dryosaurus
dg1640,dreux,grossi,f,january 20 1988,assamese,ab,gemini,scutum,pluto,beauty,pteranodon
kh1318,kole,harris,m,november 30 1992,somali,ab,aries,vulpecula,venus,biography,qianzhousaurus
kl1674,kostas,lacher,m,january 27 1992,pashto,b,taurus,draco,mars,sci_fi,edmontosaurus
lc1197,lamontae,cantarero,m,july 23 1988,vietnamese,b,capricorn,lepus,earth,idol,qianzhousaurus
ac1401,aavi,corner,m,october 19 1999,khmer,ab,sagittarius,pavo,pluto,crime_mystery,tyrannosaurus_rex
ks1547,kinan,starbuck,m,june 4 1993,zapotec,ab,pisces,fornax,mercury,dance,spinosaurus
wb1326,wrangler,boll,m,january 24 1987,navajo,o,sagittarius,reticulum,jupiter,melodrama,triceratops
rd1088,reiner,deetz,m,november 29 1988,mende,o,leo,columba,jupiter,fantasy,pteranodon
ag1677,adel,gavin,m,september 12 1998,yucatec,b,leo,eridanus,earth,biography,indominus_rex
em1076,elettra,mcneeley,f,september 13 1991,amharic,ab,scorpio,cygnus,uranus,independent,nasutoceratops
at1173,astoria,texidor,f,june 2 1992,kazakh,ab,cancer,crater,uranus,romance,tyrannosaurus_rex
jf1162,jibreel,frieze,m,march 14 1985,belarusan,o,taurus,caelum,mars,music,edmontosaurus
al1902,ariam,lombera,f,september 19 1988,oromo,o,virgo,carina,neptune,fantasy,kentrosaurus
np1835,nickon,pollitt,m,january 26 1990,hebrew,b,aries,camelopardalis,pluto,fashion,dryosaurus
kc1786,kylia,chai,f,february 20 1985,rwanda,b,taurus,indus,earth,lifestyle,kentrosaurus
ra1386,rainee,adsit,f,july 11 1997,amharic,b,libra,canis,jupiter,biography,carnotaurus
dm1569,dorothea,mikula,f,september 28 1990,telugu,ab,taurus,lacerta,saturn,independent,baryonyx
rb1248,rivaansh,babic,m,september 22 1986,azerbaijani,o,aries,musca,venus,historical,ankylosaurus
aw1043,aimi,witek,f,january 22 1998,hawaiian,b,aries,musca,earth,music,edmontosaurus
hr1810,hale,ruhlman,m,july 10 1992,ojibwa,ab,cancer,andromeda,mars,variety_show,triceratops
br1120,brooklinn,revis,f,may 4 1997,latvian,a,cancer,caelum,saturn,comedy,stegosaurus
km1351,karine,macfarlane,f,august 12 1991,hebrew,o,scorpio,pegasus,jupiter,horror,velociraptor
at1425,azorah,templet,f,august 28 1986,scottish_gaelic,o,aries,perseus,mars,war,apatosaurus
ja1728,jeovanni,adame,m,february 5 1990,bamanankan,o,scorpio,delphinus,saturn,historical,microceratus
xa1098,xzekiel,aikins,m,october 12 1996,belarusan,a,pisces,capricornus,earth,cartoons,microceratus
ad1270,arhaam,daleo,m,february 25 1995,yucatec,ab,virgo,octans,neptune,anime,suchomimus
am1604,azahel,mcneil,m,september 13 1990,yakut,o,gemini,camelopardalis,jupiter,sports,nasutoceratops
mm1032,meyer,motes,f,october 8 1999,dutch,a,libra,equuleus,neptune,reality,carnotaurus
rc1556,rayleigh,chasteen,f,january 29 1993,thai,o,sagittarius,ursa,uranus,cartoons,microceratus
jd1148,jacobe,dubuc,m,july 4 1997,lingala,a,pisces,tucana,mars,political,suchomimus
ns1527,nassir,summy,m,october 19 1990,ukrainian,o,libra,cepheus,saturn,political,dryosaurus
bg1135,blen,gill,f,july 26 1992,xhosa,o,capricorn,octans,venus,short_films,mosasaurus
mb1668,mailen,braasch,f,february 15 1997,yakut,b,libra,hercules,earth,film_noir,microceratus
es1535,elita,shultz,f,may 2 1985,khoekhoe,ab,cancer,tucana,pluto,action,nasutoceratops
ld1344,lewin,doescher,m,november 23 1988,amharic,b,sagittarius,crux,mars,rock,apatosaurus
ky1254,kahmaya,yniguez,f,october 14 1998,kashmiri,b,aquarius,caelum,jupiter,variety,pteranodon
rv1004,reegan,vanmatre,f,december 9 1994,ukrainian,a,taurus,indus,pluto,lifestyle,suchomimus
ld1452,lorraina,deardorff,f,april 22 1990,kurdish,o,libra,tucana,jupiter,political,indominus_rex
bo1736,brogan,ovalle,m,february 11 1994,esperanto,a,gemini,centaurus,venus,lifestyle,gallimimus
nw1358,niyah,wierzbicki,f,august 24 1994,malagasy,b,gemini,equuleus,jupiter,culture,triceratops
ab1136,aljawharah,beran,f,july 7 1996,lao,a,pisces,crux,neptune,classics,indominus_rex
rb1417,raylin,bowe,f,march 19 1997,icelandic,b,aquarius,crux,jupiter,thriller_suspense,nasutoceratops
pp1783,paari,paxson,m,december 19 1997,kurdish,a,gemini,pegasus,uranus,comedy,mosasaurus
cj1784,corbyn,junior,m,june 27 1991,telugu,o,cancer,indus,mercury,classics,edmontosaurus
ez1330,emalia,zack,f,may 2 1991,tigrigna,o,aquarius,pavo,uranus,variety,brachiosaurus
kh1939,kennedy,howey,m,august 27 1989,bhojpuri,ab,aquarius,canes_venatici,pluto,comedy,edmontosaurus
mg1003,maliyah,greb,f,may 11 1999,oromo,ab,leo,eridanus,jupiter,travel,indominus_rex
km1323,karolina,menon,f,march 22 1999,tagalog,ab,pisces,pavo,venus,travel,spinosaurus
kd1104,kendyl,danziger,m,june 22 1995,thai,a,scorpio,pyxis,uranus,short_films,carnotaurus
sl1813,salam,lindley,f,august 18 1987,italian,b,gemini,cepheus,saturn,horror,triceratops
tp1341,taren,proffitt,m,july 23 1987,dholuo,a,scorpio,fornax,saturn,classics,nasutoceratops
ar1604,aidyn,royse,f,july 8 1989,igbo,ab,sagittarius,carina,jupiter,telenovelas,stegosaurus
mh1787,malerie,hollimon,f,february 29 1993,albanian,ab,cancer,columba,pluto,crime_mystery,velociraptor
rc1295,rett,coombe,m,may 7 1995,icelandic,b,pisces,vela,mars,dance,stegosaurus
cs1196,caidyn,sholes,m,september 9 1994,ojibwa,o,pisces,cetus,neptune,comedy,ankylosaurus
lm1468,laurelin,myint,f,january 28 1990,punjabi,ab,scorpio,sagitta,saturn,music,mosasaurus
eg1340,eliijah,griswold,m,july 29 1986,persian,b,sagittarius,telescopium,uranus,romance,indominus_rex
mh1237,madicyn,highland,f,april 18 1990,mongolian,b,aquarius,circinus,pluto,rock,spinosaurus
ls1328,lawson,shawley,f,april 11 1986,sinhala,a,aries,puppis,earth,independent,tyrannosaurus_rex
bh1717,bryce,hillmer,f,august 26 1994,inuit,b,aquarius,caelum,neptune,sports,baryonyx
ks1909,kudrat,stambaugh,f,january 9 1997,basque,o,taurus,indus,mars,comedy,dimorphodon
kh1649,kessley,hammitt,f,february 19 1997,cebuano,a,gemini,auriga,saturn,short_films,apatosaurus
as1807,afan,sirianni,m,march 8 1987,khmer,o,virgo,mensa,pluto,romance,microceratus
ag1876,aide,grewe,f,july 23 1999,navajo,a,gemini,fornax,neptune,cartoons,velociraptor
sd1777,santee,dipiazza,m,october 21 1993,cebuano,ab,virgo,fornax,mars,fashion,velociraptor
sl1746,stellah,lambeth,f,may 26 1994,maithili,o,taurus,cassiopeia,mercury,independent,tyrannosaurus_rex
er1763,elliemay,rink,f,march 29 1991,arabic,b,sagittarius,chamaeleon,pluto,melodrama,qianzhousaurus
ec1381,eliyas,corliss,m,august 11 1993,french,a,gemini,coma_berenices,pluto,supernatural,qianzhousaurus
cm1948,camari,majeski,m,january 22 1990,tajiki,o,libra,crater,uranus,fantasy,gallimimus
mp1145,merrill,pablo,m,december 23 1995,italian,b,pisces,capricornus,jupiter,action,gallimimus
vm1520,via,morataya,f,april 25 1992,bashkort,ab,libra,ophiuchus,jupiter,action,dimorphodon
ss1520,stockton,schlosser,m,august 9 1996,hungarian,o,libra,tucana,uranus,lifestyle,triceratops
ks1588,kamarri,spangle,m,october 28 1990,finnish,ab,capricorn,cygnus,pluto,war,ankylosaurus
kr1632,keltie,rye,f,july 14 1999,lingala,ab,virgo,ophiuchus,jupiter,anime,suchomimus
rs1367,ramatoulaye,shaull,f,may 22 1994,gujarati,b,gemini,auriga,uranus,biography,pteranodon
hp1681,harvest,poor,f,april 16 1995,punjabi,a,leo,coma_berenices,uranus,variety,pteranodon
ta1718,taeshaun,arroyave,m,january 21 1994,warlpiri,o,aries,indus,saturn,documentary,tyrannosaurus_rex
va1556,vesta,alvardo,f,august 29 1995,finnish,b,gemini,tucana,earth,cartoons,microceratus
mm1233,mox,mccranie,m,december 5 1996,quechua,o,gemini,hydrus,pluto,film_noir,gallimimus
gn1309,giaa,navarra,f,february 16 1991,welsh,a,scorpio,indus,saturn,classics,microceratus
dl1625,danya,ledford,f,january 29 1997,wolof,o,capricorn,fornax,earth,crime_mystery,ankylosaurus
et1268,edynn,trueman,f,may 3 1991,hungarian,ab,capricorn,ursa,jupiter,telenovelas,edmontosaurus
kh1200,kenlee,hatter,f,october 11 1997,zapotec,ab,pisces,reticulum,jupiter,variety_show,dryosaurus
cb1788,chamar,brum,m,january 30 1991,maithili,ab,cancer,lupus,jupiter,travel,carnotaurus
sl1571,shade,lauth,m,january 7 1985,cebuano,a,capricorn,auriga,mercury,cooking,mosasaurus
ut1132,unnamed,tortora,m,april 9 1990,bengali,o,leo,triangulum,venus,sci_fi,indominus_rex
ja1197,jaleia,antes,f,june 29 1986,macedonian,o,aries,cepheus,earth,variety_show,indominus_rex
js1557,jayaire,sheffer,m,november 28 1996,basque,o,aries,lynx,mars,fantasy,qianzhousaurus
zn1449,zeyad,nease,m,april 27 1987,georgian,a,sagittarius,monoceros,neptune,war,dryosaurus
tb1312,tobe,blackman,m,october 25 1998,romani,o,capricorn,chamaeleon,jupiter,music,gallimimus
dl1905,demya,landolfi,f,july 23 1991,chechen,o,scorpio,canes_venatici,venus,romantic_comedy,baryonyx
av1693,avilynn,vanburen,f,august 2 1997,cantonese,ab,pisces,triangulum,jupiter,cooking,dryosaurus
oc1278,ojas,cecchini,m,september 23 1988,russian,ab,scorpio,corona,neptune,rock,nasutoceratops
xc1217,xavier,chanda,m,february 18 1989,belarusan,b,gemini,carina,venus,rock,velociraptor
kt1283,kiondre,tubbs,m,june 28 1997,igbo,a,aquarius,lacerta,venus,adventure,nasutoceratops
db1127,despina,buckle,f,april 12 1990,german,ab,leo,serpens,mercury,telenovelas,edmontosaurus
ld1757,lijah,darnall,m,may 17 1995,belarusan,ab,taurus,reticulum,pluto,anime,microceratus
ow1412,omaria,wagoner,f,february 20 1989,warlpiri,ab,libra,reticulum,earth,family_friendly,spinosaurus
km1701,kimaya,mchone,f,february 3 1992,maithili,b,taurus,lepus,mars,melodrama,dimorphodon
kk1387,kc,keisler,m,december 16 1995,xhosa,b,gemini,perseus,saturn,cartoons,gallimimus
rl1827,romaine,lauffer,m,august 6 1989,latvian,a,virgo,puppis,saturn,idol,triceratops
jz1774,jani,zammit,f,august 19 1987,khoekhoe,ab,taurus,hydra,earth,documentary,ankylosaurus
tb1464,tyaire,barry,m,november 18 1995,hiligaynon,ab,virgo,volans,mercury,costume_period,brachiosaurus
ka1011,karrington,adami,m,december 6 1986,gujarati,o,aquarius,cepheus,uranus,fashion,nasutoceratops
sl1066,syaire,leeper,m,september 2 1999,pashto,b,sagittarius,pyxis,neptune,beauty,edmontosaurus
kt1205,kellyanne,tomer,f,september 17 1990,russian,ab,aquarius,indus,saturn,culture,carnotaurus
eb1458,elliah,barthel,f,january 22 1993,nahuatl,a,aquarius,mensa,uranus,variety_show,spinosaurus
cs1492,coral,seeber,f,august 21 1995,assamese,ab,sagittarius,triangulum,mercury,drama,stegosaurus
mw1986,mikenna,wurz,f,september 9 1986,macedonian,a,libra,ara,pluto,costume_period,pteranodon
kb1647,kari,buenrostro,m,october 5 1997,tagalog,o,taurus,hydra,earth,romantic_comedy,pteranodon
tk1014,tramon,keitt,m,august 30 1999,mandarin,a,cancer,sextans,neptune,fantasy,stegosaurus
km1211,knight,mozingo,m,july 6 1992,tibetic,a,aquarius,grus,saturn,travel,stegosaurus
bh1292,benjaman,huante,m,april 23 1995,georgian,o,capricorn,indus,uranus,anime,indominus_rex
br1159,baron,radovich,m,may 7 1985,korean,b,leo,hydrus,pluto,dance,pteranodon
sc1022,sulma,carton,f,march 28 1995,czech,b,leo,piscis_austrinus,saturn,crime_mystery,kentrosaurus
lm1525,leyla,murrell,f,march 8 1997,uzbek,o,pisces,scutum,mars,action,carnotaurus
dh1491,dimir,hou,m,september 18 1990,hebrew,o,libra,puppis,mercury,short_films,suchomimus
ar1995,annely,rider,f,march 1 1999,tibetic,a,gemini,sextans,neptune,crime_mystery,stegosaurus
bg1910,brice,galvez,m,february 7 1991,spanish,a,gemini,corvus,uranus,drama,baryonyx
er1123,elenore,rohan,f,june 24 1999,zapotec,o,cancer,aquila,saturn,crime_mystery,baryonyx
an1646,adah,narine,f,june 14 1998,welsh,o,pisces,corona,saturn,fashion,brachiosaurus
ts1133,tito,solorio,m,january 9 1990,swedish,ab,pisces,chamaeleon,mars,war,dryosaurus
kw1901,kilian,willetts,m,may 10 1990,finnish,ab,gemini,draco,neptune,film_noir,brachiosaurus
rv1278,raiyne,vaughns,f,february 20 1993,xhosa,o,leo,lepus,mercury,family_friendly,tyrannosaurus_rex
mg1813,mathis,gough,m,march 24 1990,cherokee,a,taurus,sextans,saturn,documentary,velociraptor
ed1119,emre,degree,m,june 15 1995,mongolian,b,cancer,cygnus,mercury,music,nasutoceratops
af1913,ayce,folts,m,december 5 1993,norwegian,a,capricorn,carina,mercury,thriller_suspense,gallimimus
yh1527,yuvan,holiman,m,february 23 1987,bashkort,a,gemini,andromeda,mercury,political,nasutoceratops
ms1058,marleyrose,schumacher,f,december 27 1989,shona,o,aries,pyxis,neptune,telenovelas,triceratops
ld1027,laycee,deck,f,february 11 1995,russian,b,gemini,indus,saturn,comedy,tyrannosaurus_rex
ak1220,anari,keranen,f,march 7 1987,kabyle,b,capricorn,cygnus,mars,historical,microceratus
jt1937,jennyfer,tillson,f,july 9 1999,tagalog,b,gemini,crux,neptune,fashion,pteranodon
as1112,abriel,scholl,f,september 16 1989,navajo,b,virgo,musca,saturn,variety,kentrosaurus
wl1652,wakely,lepkowski,f,september 24 1988,navajo,b,sagittarius,lynx,pluto,supernatural,dryosaurus
el1079,edin,lefrancois,m,february 9 1988,hungarian,a,taurus,draco,mercury,anime,velociraptor
mm1085,maaz,mahabir,m,april 23 1986,tagalog,a,pisces,delphinus,pluto,cartoons,pteranodon
mn1423,maryellen,neace,f,may 7 1995,gujarati,ab,cancer,microscopium,mars,anime,brachiosaurus
ap1416,alijah,paterno,f,april 30 1992,somali,ab,taurus,aquila,saturn,cooking,microceratus
nb1951,nylai,borda,f,april 30 1998,nepali,b,leo,pegasus,mercury,variety_show,ankylosaurus
ap1442,arinas,pasha,f,november 30 1992,english,ab,cancer,pegasus,venus,short_films,indominus_rex
kt1181,kathaleya,threadgill,f,september 12 1993,tigrigna,ab,sagittarius,eridanus,mars,horror,baryonyx
lg1460,ludo,gerardo,m,december 27 1995,igbo,b,scorpio,cetus,pluto,sci_fi,velociraptor
zw1623,zeva,wenk,f,january 9 1999,ukrainian,a,aquarius,norma,uranus,variety_show,baryonyx
mb1432,mackenlee,belville,f,may 13 1994,romani,a,taurus,coma_berenices,uranus,variety,microceratus
tr1843,tad,reighard,m,february 18 1985,quechua,a,capricorn,cygnus,earth,cartoons,kentrosaurus
ab1362,arie,blecha,m,march 7 1986,bashkort,o,sagittarius,vulpecula,saturn,political,carnotaurus
fm1706,fae,meder,f,april 30 1994,tachelhit,o,gemini,horologium,earth,anime,nasutoceratops
kp1369,keyani,pylant,f,november 28 1997,romanian,b,libra,monoceros,neptune,cooking,tyrannosaurus_rex
ag1760,ariani,gattis,f,february 10 1991,georgian,b,virgo,columba,saturn,horror,tyrannosaurus_rex
sp1179,sady,perry,f,may 26 1987,macedonian,o,pisces,ara,jupiter,classics,tyrannosaurus_rex
st1552,salimata,taborn,f,november 7 1987,malay,b,sagittarius,corona,pluto,drama,nasutoceratops
kl1155,kassian,lovin,m,january 9 1998,sinhala,a,taurus,vulpecula,uranus,horror,microceratus
cf1597,chayce,flint,m,july 25 1998,kurdish,b,taurus,hercules,mercury,cooking,triceratops
em1489,emilija,michels,f,december 12 1999,lao,ab,gemini,pegasus,jupiter,webdrama,gallimimus
lc1184,legaci,cape,f,january 27 1991,azerbaijani,ab,pisces,cygnus,saturn,documentary,nasutoceratops
ct1258,caio,tolle,m,june 5 1989,mandarin,b,cancer,musca,venus,supernatural,apatosaurus
mm1607,mylee,mutchler,f,november 27 1989,brahui,o,leo,sculptor,venus,romance,pteranodon
sh1588,santez,haley,m,may 27 1997,scottish_gaelic,a,aries,carina,earth,action,triceratops
sd1632,sriaadhya,dusenberry,f,august 28 1995,belarusan,a,capricorn,indus,saturn,dance,spinosaurus
hh1271,haizley,herwig,f,december 25 1994,samoan,ab,scorpio,cygnus,saturn,dance,ankylosaurus
nc1752,nicolle,conlon,f,november 10 1995,balochi,b,aries,puppis,uranus,beauty,stegosaurus
jc1028,jaki,cupps,m,december 13 1997,aramaic,ab,taurus,lyra,mercury,biography,baryonyx
ik1401,irie,kaiser,m,march 29 1986,navajo,b,aries,crater,jupiter,romantic_comedy,pteranodon
wo1932,westly,ocheltree,m,january 14 1992,igbo,a,sagittarius,capricornus,venus,lifestyle,gallimimus
fr1708,florentino,rickman,m,july 6 1995,yoruba,ab,taurus,octans,jupiter,crime_mystery,carnotaurus
zd1447,zayvon,dornbusch,m,may 8 1991,kabyle,b,scorpio,carina,jupiter,fashion,ankylosaurus
kb1062,keonte,bouley,m,january 6 1994,danish,b,pisces,leo_minor,uranus,short_films,pteranodon
as1744,anjolaoluwa,sprung,m,march 13 1992,cantonese,a,scorpio,delphinus,mars,sports,kentrosaurus
sm1388,stoney,maltese,m,february 22 1990,marathi,a,virgo,lepus,neptune,independent,baryonyx
bi1143,bora,ifill,f,january 4 1987,bamanankan,b,leo,gemini,venus,reality,baryonyx
jh1925,julian,heth,m,july 12 1987,uzbek,a,virgo,circinus,pluto,dance,mosasaurus
ah1631,anilyah,hagood,f,april 27 1985,xhosa,ab,leo,vulpecula,uranus,family_friendly,qianzhousaurus
fk1028,faryn,kimura,f,may 29 1996,slovene,ab,libra,lepus,uranus,culture,brachiosaurus
jg1905,jianni,giebel,m,december 22 1985,tatar,o,capricorn,carina,mercury,supernatural,spinosaurus
ek1069,emersyn,krause,f,february 1 1994,arabic,b,capricorn,indus,pluto,fantasy,mosasaurus
eb1662,elyce,brazelton,f,august 3 1988,kannada,o,libra,carina,venus,family_friendly,pteranodon
